,,,,Coverage,Quality,VoLTE,,,,,Data,,,,,,,
Country,Operator,MCC/MNC,Time,Coverage,RSRQ,Drop Call (%),Block Call (%),Setup Failure (%),Setup Time (sec),Holding Time (min),Drop Call (%),Block Call (%),Setup Failure (%),DL Volume (MB),UL Volume (MB),DL Throughput (KB),UL Throughput (KB),Call Count
Netherlands,Vodafone(NETHERLANDS),204/04,2/1,-60,-16,4.77,4.05,1.78,4.5,829802,5.32,3.62,6.43,766459,43262,43458,3889,1041
Netherlands,T-mobile (ex Ben),204/16,2/1,-68,-16,3.31,1.71,4.49,12.2,695557,0.52,1.19,2.59,613767,27711,1472,4218,445
Netherlands,KPN (iBasis),204/08,2/1,-71,-9,2.29,4.79,2.09,6.5,705886,4.08,0.63,1.23,172202,40786,14784,4387,2781
Belgium,Belgacom Mobile,206/01,2/1,-83,-7,4.65,5.07,8.3,10.9,358032,5.07,2.85,5.11,831101,47637,41266,3156,136
France,Bouygues,208/20,2/1,-60,-13,2.5,3.09,2.93,10.7,299722,2.64,1.68,6.31,483542,6644,31947,1535,534
France,Free Mobile,208/15,2/1,-67,-7,0.83,5.14,11.27,17.9,429806,2.03,2,0.41,927915,4656,1934,872,1232
France,SFR (Cegetel),208/10,2/1,-100,-14,0.57,0.74,6.41,11.2,150747,0.69,1.66,0.67,410329,4634,8296,4222,2089
Andorra,Mobiland/STA,213/03,2/1,-66,-8,2.28,0.27,1.37,19.5,967988,3.89,1.47,9.7,218762,12445,46811,2056,330
Spain,Telefonica Moviles(SPAIN),214/07,2/1,-86,-16,4.61,3.93,1.06,3.8,445593,1.07,3.57,6.81,955695,48677,24832,1062,870
Spain,Vodafone (AirTel),214/01,2/1,-98,-16,1.63,3.43,4.28,4.9,450676,1.43,5.46,8.31,689023,9006,12135,508,1773
Italy,TIM (Telecom Italia),222/01,2/1,-113,-15,3.02,0.33,6.71,16.5,860326,2.33,3.06,8.16,305794,16422,17429,2700,1334
Italy,H3G(ITALY),222/99,2/1,-62,-12,2.69,0.15,9.98,5.5,558374,3.42,4.17,7.97,290737,13717,18903,2682,2628
Italy,Vodafone Omnitel,222/10,2/1,-86,-10,3.4,5.12,6.89,14.8,252880,3.18,2.63,5.79,483897,38586,43925,695,2884
Switzerland,Swisscom,228/01,2/1,-101,-13,5.23,4,6.71,6.6,825779,4.25,2.78,5.05,740560,7666,41817,4975,2890
Switzerland,Sunrise DiAx,228/02,2/1,-62,-6,1.47,1.95,9.99,17.3,395702,1.83,3.17,2.83,343661,40458,49821,1404,1942
United Kingdom,Everything Everywhere,234/30,2/1,-114,-12,3.72,0.15,8.19,17.7,465936,0.1,3.63,7.59,444382,48187,25038,4514,872
United Kingdom,Telefonica O2 (CellNet),234/10,2/1,-105,-15,3.17,0.45,7.78,2.2,145852,5.23,0.61,3.43,385795,23447,2174,912,2133
United Kingdom,Jersey Telecom (JT-Wave),234/50,2/1,-109,-9,3.14,1.44,6.84,14.6,719610,3.91,4.64,5.14,663160,27192,43670,4553,1474
United Kingdom,Everything Everywhere (ex-Orange),234/33,2/1,-91,-9,1.1,2.18,8.62,9.8,115951,0.54,5.08,10.51,315578,22635,25579,3191,2804
Sweden,Tele2 - Comviq,240/07,2/1,-110,-16,2.75,1.71,7.06,10,164852,1.07,2.5,6.36,748152,4741,23155,962,2584
Sweden,"Telenor (Vodafone,Europolitn)",240/08,2/1,-74,-13,1.82,2.24,4.87,4.5,308095,4.61,4.65,3.97,745094,23370,4180,4655,933
Norway,NetCom TeliaSonera,242/02,2/1,-103,-14,0.24,2.2,11.78,11.6,402646,0.35,1.5,11.82,462171,33960,3703,1655,2911
Estonia,EMT,248/01,2/1,-109,-13,2.3,4.7,6.7,9.1,827488,4.4,2.56,8.78,899498,24473,35546,3778,1957
Russia,Vimpelcom Beeline (KB Impuls),250/99,2/1,-63,-15,2.38,1.21,6.92,3.8,528420,4.91,5.15,0.64,100511,38841,7775,1801,1645
Poland,P4 Play,260/06,2/1,-98,-16,3.5,3.86,8.36,19.9,803834,4.1,2.75,3.14,559156,10384,38805,275,2725
Germany,E-Plus,262/03,2/1,-62,-10,3.69,3.01,4.56,17.5,339809,2.92,3.22,4.85,870964,47291,20010,3690,1407
Germany,Telekom Deutschland (T-Mobile),262/01,2/1,-68,-15,3.18,1.82,7.73,13.6,558696,2.03,3.53,5.44,317523,6808,30882,749,1588
Germany,Telefonica O2/viag,262/07,2/1,-109,-11,1.23,0.2,2.59,6.6,402991,1.24,2.52,8.63,240072,28574,12459,3107,2857
Portugal,TMN,268/06,2/1,-73,-12,4.56,5.37,4.02,7.7,878541,3.08,1.14,6.43,942916,22261,23191,2167,2485
Turkey,AVEA (IS-TIM Aria),286/03,2/1,-70,-14,0.58,4.19,2.82,6,139834,3.81,0.91,5.1,521936,47183,38431,3727,2931
MACEDONIA,T-Mobile (Mobimak),294/01,2/1,-97,-12,1.73,2.59,7.08,12.2,320978,2.54,4.94,9.98,888457,32527,31358,3385,471
Canada,Rogers Wireless,302/61,2/1,-70,-12,5.04,2.83,9.84,15.6,717898,3.04,4.75,4.5,488802,44689,20670,4015,2140
Canada,Rogers Wireless,302/22,2/1,-81,-11,1.2,2.55,2.91,5.4,432862,4.36,0.19,3.44,222673,34331,34619,1292,1403
United States of America ,AT&T,310/41,2/1,-113,-14,4.29,1.39,7.32,6.6,644715,1.42,0.33,8.22,706086,38022,14662,2721,2300
United States of America ,T-Mobile,310/26,2/1,-74,-15,1.43,5.01,0.18,11.2,162724,0.24,2.66,2.16,438326,48415,40686,1300,69
United States of America ,Southern Communications dba Southern LINC,310/15,2/1,-63,-11,5.11,5.36,8.79,6.1,303305,5.02,0.83,2.49,237940,5220,44096,4671,1223
Unted States,Verizon Wireless,311/48,2/1,-116,-6,0.88,2.39,10.55,13.4,376913,2.23,4.58,7.65,822347,2160,14417,2329,530
India,Airtel (Kolkata),404/31,2/1,-68,-16,1.04,2.76,4.53,15.8,483135,3.68,3.49,1.09,192398,45568,9713,571,1208
India,Airtel (Andhra Pradesh),404/49,2/1,-102,-11,5.17,3.2,5.96,5.5,592816,4.41,4.68,4.74,983410,37136,38038,3961,2972
India,Airtel (Mumbai),404/92,2/1,-98,-13,2.67,0.57,7.98,8.7,328240,2.79,2.42,10.76,846501,8882,4386,1482,2343
India,Airtel (Kerala),404/95,2/1,-83,-9,3.17,0.08,8.78,19.6,880258,3.91,0.68,6.63,484188,10348,37975,4943,2173
India,AirTel (Chennai),404/03,2/1,-114,-6,5.5,4.77,9.75,5.9,328738,0.72,4.58,8.86,859542,16799,8838,4872,594
India,Vodafone India (Mumbai) Hutchison Orange,404/20,2/1,-103,-16,2.97,1.39,10.53,18.4,877979,1.04,3.41,4,755335,3087,35346,545,382
India,Airtel (Karnataka),404/45,2/1,-62,-8,5.2,1.74,2.16,3.8,871820,4.73,1.53,4.61,690403,39589,42504,656,1778
India,Airtel (Maharashtra & Goa),404/90,2/1,-77,-11,0.48,1.78,1.3,16.1,386750,4.87,0.95,3.62,947297,15800,22162,2445,843
India,India(404),404/94,2/1,-76,-13,0.59,1.94,4.37,9.6,910456,5.32,3.55,3.61,905423,46496,35031,806,631
India,AirTel (Chennai),404/02,2/1,-89,-14,1.23,5.07,11.43,15,720210,4.36,2.45,2.78,724731,49116,10686,4267,2627
India,Airtel (Uttar Pradesh W),404/97,2/1,-73,-6,4.59,3.93,10.92,4.4,523294,3.28,0.48,6.5,440686,15994,2056,46,2107
India,Vodafone (New Delhi) Hutchision Essar,404/11,2/1,-115,-11,4.3,0.52,8.7,14.8,264527,1.56,2.14,1.56,502738,36309,37747,3999,224
India,AirTel (Chennai),404/40,2/1,-66,-12,1.68,2.35,5.02,4.7,406101,3.4,1.21,9.36,232266,36468,33286,3015,1663
India,"Airtel (Rajasthan),Hexacom",404/70,2/1,-94,-7,1.81,0.85,2.9,5.5,295177,1.28,4.23,3.88,798715,49934,38087,4080,1960
India,Airtel (Madhya Pradesh),404/93,2/1,-115,-9,3.5,0.77,11.87,9.5,799477,3.53,0.96,1.32,513707,18540,25798,102,2484
India,Airtel (Haryana),404/96,2/1,-101,-6,0.16,4.02,7.81,19.6,475982,2.53,4.69,4.58,486000,42310,21707,3127,947
India,Airtel (Delhi),404/10,2/1,-65,-13,1.18,2.12,5.75,11.6,138794,3.93,4.78,0.84,231409,44800,8512,559,2446
India(405),,405/52,2/1,-80,-6,4.92,4.32,1.27,4,834615,1.53,2.44,10.54,466619,32262,9050,3181,2493
India(405),"AirTel (Bharti-Televentures), Uttar Predesh East",405/54,2/1,-94,-14,3.74,1.35,2.88,4.2,421484,1.2,4.55,9.82,253672,47824,16338,4723,1651
India(405),"AirTel (Bharti-Televentures), Orissa",405/53,2/1,-69,-9,3.63,2.5,3.16,11.9,757217,3.93,4.24,4.92,177989,5220,12177,1504,502
Sri Lanka,Bharti Airtel,413/05,2/1,-103,-9,0.62,2.08,10.17,13.7,222107,3.4,4.15,7.7,835877,27610,12704,2329,2408
Sri Lanka,Dialog Axiata (ex MTN),413/02,2/1,-61,-9,2.72,2.02,5.31,4.7,916463,2.65,2.43,4.45,557093,40761,37143,3585,2133
Myanmar,Telenor Myanmar (Comcel Myanmar),414/06,2/1,-85,-10,1.19,1.91,2.82,15.8,449402,2.26,3.75,9.98,496150,7403,12245,1993,1000
Myanmar,Ooredoo Myanmar,414/05,2/1,-69,-8,5.28,1.35,1.36,9.5,732572,2.83,2.82,3.69,441461,23318,19958,3542,251
Myanmar,Myanmar Post and Telecommunication,414/01,2/1,-79,-13,1.48,2.78,4.84,2.5,521372,4.29,0.79,0.29,538760,8146,24510,1528,2774
Saudi Arabia,Mobily,420/03,2/1,-110,-13,3.87,1.44,8.99,15.9,180270,4.43,1.1,10.14,427058,35898,35704,357,367
Saudi Arabia,Saudi Telecom Company,420/01,2/1,-110,-11,2.38,1.58,3.26,5.1,363535,0.41,5.11,3,330596,16380,44456,2554,1770
United Arab Emirates,Etisalat(UAE),424/02,2/1,-99,-8,3.98,1.18,6.13,2.1,294662,3.5,4.7,0.61,377487,4207,23107,2950,1608
Bahrain,Batelco,426/01,2/1,-89,-16,2.13,0.32,7.46,11,314103,2.45,5.32,7.81,686400,13730,49623,666,2673
Qatar,Q-Tel,427/01,2/1,-77,-13,0.58,2.88,5.34,12.9,146668,0.52,0.94,5.46,794391,4965,30614,2996,914
Japan,NTT Docomo,440/10,2/1,-75,-8,2.27,0.22,7.47,7.8,460368,3.44,3.89,2.75,612642,36511,11110,4782,2196
Japan,Soft Bank (Vodafone KK),440/20,2/1,-101,-6,3.68,3.13,7.12,5.3,117478,0.47,1.77,6.63,182911,24931,1704,124,1930
South Korea,LGT Telcom,450/06,2/1,-64,-9,3.49,3.43,4.73,17.3,679058,2.38,2.96,1.4,667709,24859,26833,1459,874
South Korea,SK Telecom,450/05,2/1,-94,-7,2.11,1.83,10.03,13.6,464949,4.23,2.03,6.76,932292,3898,39952,3234,450
Vietnam,Viettel,452/04,2/1,-110,-10,3.96,4.89,2.15,10.7,501778,3.17,5.21,6.02,318595,6893,41736,2441,2257
Vietnam,Vinaphone,452/02,2/1,-105,-10,0.76,3.8,5.36,1.4,659924,4.65,0.93,4.78,321063,32424,3162,1147,1441
Vietnam,Vietnam Mobile Telecom (VMS),452/01,2/1,-106,-11,4.28,0.65,10.48,4.1,129949,2.29,4.32,1.58,918564,11019,12834,4421,1478
Hongkong,CSL (C&W),454/00,2/1,-63,-8,3.96,3.55,6.81,4,714948,3.23,5.12,4.55,538781,25822,46669,301,588
Hongkong,PCCW-HKT Telephone Limited,454/19,2/1,-82,-14,0.27,5.28,0.37,4.6,115629,0.43,1.87,0.27,845954,41181,41865,898,757
Hongkong,China Mobile - Peoples,454/12,2/1,-71,-11,2.78,5.36,7.41,16.7,448756,4.97,2.84,2.47,989552,23862,42480,2186,2373
Hongkong,H3G(HONG KONG),454/03,2/1,-69,-9,1.94,1.71,2.05,6.3,479478,5.04,0.75,11.67,776146,2373,49248,3518,2475
Macao,Hutchison 3,455/03,2/1,-70,-16,2.39,4.45,7.08,10.6,906137,1.68,3.7,8.4,890340,47402,20632,3171,2139
Macao,CTM,455/01,2/1,-107,-8,3.84,3.94,4.21,15,739988,4.22,5.35,4.2,658346,49836,7417,2262,488
CAMBODIA,CamGSM Mobitel,456/01,2/1,-93,-15,4.24,0.53,6.36,6.8,473632,3.55,3.88,7.94,624589,20243,26272,1381,1173
CAMBODIA,Viettel,456/08,2/1,-102,-14,2.8,4.96,11.76,12.3,468511,4.56,2.66,6.41,987357,14771,18164,1446,844
CAMBODIA,Latelz Co. Ltd,456/06,2/1,-79,-6,5.43,0.99,7.92,3.6,655955,5.04,3.65,9.16,213069,14660,40538,4437,2649
China,China Mobile,460/00,2/1,-68,-12,4.21,2.02,7.1,6.4,956133,5.19,4.79,10.5,902352,10051,43682,4871,966
China,China Mobile,460/07,2/1,-76,-8,1.62,4.35,7.3,18.2,561012,0.3,5.15,2.05,576150,17040,11341,2915,1367
China,China Mobile,460/02,2/1,-118,-10,4.6,2.96,4.23,8.4,932353,1.18,1.18,3.68,603252,42134,17645,3238,1961
China,China Unicom,460/01,2/1,-117,-7,3.23,3.53,7.06,9.2,672640,1.36,2.33,8.51,431516,17716,5257,751,1609
Taiwan,Taiwan Mobile (ex TCC),466/97,2/1,-80,-6,3.29,2.14,1.76,0.6,889239,3.18,1.45,11.6,458679,26959,24598,3631,2250
Taiwan,Chunghwa Telecom,466/92,2/1,-100,-7,1.26,2.65,7.81,13.8,402509,0.39,4.42,5.67,270515,26994,41351,66,1061
Taiwan,Fareastone,466/01,2/1,-64,-9,3.75,3.25,11.78,17.7,434165,0.06,2.88,5.34,170949,7308,10042,4096,8
Malaysia,Maxis,502/12,2/1,-109,-8,4.82,0.9,6.32,8,307899,1.82,3,3.52,393976,45326,1272,2934,1405
Malaysia,Celcom,502/19,2/1,-64,-7,0.44,3.93,2.83,6.3,386120,4.37,0.81,4.11,794675,11990,21876,2720,1272
Malaysia,U Mobile Sdn Bhd,502/18,2/1,-81,-8,5.12,3.04,1.79,18.2,334564,3.19,2.58,4.6,392904,2143,13784,2013,2078
Malaysia,DiGi  Telecommunication,502/16,2/1,-95,-14,0.2,0.07,11.53,9.2,510386,4.74,2.57,8.97,676418,19460,49344,2116,1925
Australia,Optus,505/02,2/1,-76,-13,1.25,1.32,11.88,6.9,497954,2.42,1.89,2.38,100373,35215,26531,1527,1750
Australia,Telstra,505/01,2/1,-68,-14,1.32,5.48,11.26,7,380350,2.61,0.79,9.77,254982,35008,34835,3726,2325
Indonesia,Telkomsel,510/10,2/1,-109,-16,0.57,3.72,5.23,5.3,823151,3.88,0.6,11.64,833606,17827,35961,3575,2344
Indonesia,Hutchison,510/89,2/1,-92,-7,1.27,0.96,6.62,15.6,614390,5.5,1.24,2.26,850329,17180,48762,4997,249
Indonesia,Excelcom Indo,510/11,2/1,-60,-14,0.61,4.39,0.68,4.9,681740,4.58,0.43,8.97,497622,23588,6197,1337,531
Philippines,Globetel,515/02,2/1,-79,-10,2.23,5.41,9.17,4.9,413690,3.26,0.05,10.02,699000,23254,12814,2717,1800
Philippines,Digitel (Sun Cellular),515/05,2/1,-101,-6,1.96,3.43,2.1,0.6,588089,4.72,2.51,3.75,336974,35234,39342,993,2081
Thailand,Advanced Wireless Network Company Ltd.,520/03,2/1,-99,-12,2.6,4.21,8.12,9.3,324209,4.22,3.6,7.26,426379,32394,23218,2189,2335
Thailand,True Move  HSPA,520/00,2/1,-82,-16,4,3.68,11.36,2.1,693078,2.68,0.05,10.05,707060,40364,39451,1588,1839
Thailand,Total Access (DTAC),520/05,2/1,-104,-15,4.67,4.59,5.43,10.7,901394,3.48,3.13,9.82,435152,41611,37022,1243,825
Singapore,Starhub,525/05,2/1,-76,-14,4.16,4.21,0.77,12.8,208347,0.66,5.4,3.28,182946,35754,38405,1830,1510
Singapore,Mobile One,525/03,2/1,-111,-12,4.26,2.11,11.44,11.6,911302,4.2,5.1,0.17,365794,48237,15203,1276,2679
Brunei,B-Mobile,528/02,2/1,-71,-8,4.03,2.09,10.12,9.5,856911,1.69,4.75,1.41,407699,33355,18861,3875,2909
Brunei,DST,528/11,2/1,-90,-10,4.62,1.45,2.04,15,755877,0.34,0.48,7.94,385799,34606,23691,28,1893
New Zealand,Telecom New Zealand,530/05,2/1,-114,-8,5.43,2.35,6.25,8.3,685748,2.69,4.06,8.65,834146,44839,9501,4912,2456
New Zealand,Vodafone(NEW ZEALAND),530/01,2/1,-113,-10,0.09,4.41,10.19,17.1,195155,1.22,1.28,0.49,181451,25843,37719,536,96
New Zealand,Two Degrees (NZ Communications),530/24,2/1,-83,-8,1.05,3.35,2.62,5.3,859991,3.29,0.51,2.36,560677,45278,35963,1302,710
Morocco,Itissalat Al Maghrib (Mobile GSM),604/01,2/1,-114,-7,1.77,0.11,4.2,8.2,917857,2.08,2.33,1.42,330235,14081,36897,119,2768
,,,,,,,,,,,,,,,,,,
,,,,,,,,,,,,,,,,,,
Netherlands,Vodafone(NETHERLANDS),204/04,2/2,-60,-6,1.98,0.14,1.4,9.7,245542,1.3,1.7,4.35,688922,3671,43708,2958,2516
Netherlands,T-mobile (ex Ben),204/16,2/2,-99,-15,4.14,1.07,7,5.5,914022,4.75,2.18,8.71,282167,47031,23335,715,2199
Netherlands,KPN (iBasis),204/08,2/2,-68,-6,3.81,4.09,5.98,4,820205,3.1,4.73,11.96,521116,1054,49294,3847,2234
Belgium,Belgacom Mobile,206/01,2/2,-97,-12,0.44,2.57,2.39,9.1,194168,2.88,0.92,2.42,745263,41027,16583,2506,942
France,Bouygues,208/20,2/2,-104,-13,0.91,1.66,4.06,14.4,913817,4.54,3.15,2.44,271125,47065,13078,2098,2772
France,Free Mobile,208/15,2/2,-94,-8,3.41,4.61,10.44,2,829879,1.27,1,10.87,584899,25098,6889,895,1079
France,SFR (Cegetel),208/10,2/2,-90,-16,3.35,2.39,3.71,3.3,461348,4.02,1.21,10.08,106656,12757,35966,3083,2063
Andorra,Mobiland/STA,213/03,2/2,-64,-15,1.05,4.71,7.98,0.7,802421,4.59,4.55,8.7,563031,19828,15902,2468,1226
Spain,Telefonica Moviles(SPAIN),214/07,2/2,-99,-16,1.35,4.27,7.62,4.4,214629,1.12,0.2,7.39,617016,9105,46349,2548,850
Spain,Vodafone (AirTel),214/01,2/2,-103,-6,3.99,0.58,6.23,3.7,642499,1.35,2.15,8.22,370076,34425,46036,785,63
Italy,TIM (Telecom Italia),222/01,2/2,-89,-7,1.69,1.54,1.09,11.2,678453,5.39,4.01,11.39,517465,35823,47172,958,666
Italy,H3G(ITALY),222/99,2/2,-100,-7,0.56,4.42,10.67,16,762739,3.18,3.11,5.22,842462,40693,26965,548,2801
Italy,Vodafone Omnitel,222/10,2/2,-66,-16,0.35,5.17,1.77,2.8,605229,0.7,5.11,8.86,570787,48918,36822,1894,2323
Switzerland,Swisscom,228/01,2/2,-98,-8,1.12,4.87,11.56,10.1,536359,5.2,2.11,10.5,526839,27763,14465,4509,1755
Switzerland,Sunrise DiAx,228/02,2/2,-94,-9,4.49,3.98,6.41,5.7,866227,5.1,3.6,5.15,802206,39535,25271,3686,86
United Kingdom,Everything Everywhere,234/30,2/2,-80,-12,4.76,3.18,7.68,5.6,208356,4.55,4.85,7.77,368054,22019,18672,984,2400
United Kingdom,Telefonica O2 (CellNet),234/10,2/2,-80,-7,3.24,3.3,11.72,10.3,636267,3.67,4.8,7.35,910345,12211,8673,4846,1141
United Kingdom,Jersey Telecom (JT-Wave),234/50,2/2,-102,-14,2.61,1.68,4.2,10.6,926491,0.86,0.68,4.82,962368,45758,18939,3878,100
United Kingdom,Everything Everywhere (ex-Orange),234/33,2/2,-96,-16,1.84,3.83,9.87,4.9,527364,1.6,4.15,5.97,393313,8818,11491,3106,152
Sweden,Tele2 - Comviq,240/07,2/2,-88,-11,4.93,3.09,1.79,12.5,703031,4.25,3.94,9.47,800397,42481,16992,966,131
Sweden,"Telenor (Vodafone,Europolitn)",240/08,2/2,-63,-14,3.33,1.01,10.81,9.5,479661,3.27,4.92,3.93,823755,23077,2454,3921,2871
Norway,NetCom TeliaSonera,242/02,2/2,-115,-10,3.34,0.3,7.12,16.6,384008,4.67,1.86,9.63,882826,29543,39608,2621,1093
Estonia,EMT,248/01,2/2,-61,-14,0.78,0.6,11.47,17.4,425929,5.14,4.32,8.89,872281,33504,14432,4552,2044
Russia,Vimpelcom Beeline (KB Impuls),250/99,2/2,-66,-8,3.82,2.61,3.73,13.4,462212,0.24,2.97,3.11,328897,42388,16890,3624,1030
Poland,P4 Play,260/06,2/2,-104,-16,0.47,2.18,0.25,5.4,447493,3.3,3.03,4.14,800394,46087,2925,188,2153
Germany,E-Plus,262/03,2/2,-82,-9,0.79,4.85,11.47,2.8,452594,2.53,4.6,0.67,955227,27124,43839,2200,717
Germany,Telekom Deutschland (T-Mobile),262/01,2/2,-69,-8,2.04,0.1,6.12,8,876505,3.21,0.94,6.52,974269,26587,34422,3307,2116
Germany,Telefonica O2/viag,262/07,2/2,-63,-14,5.1,4.78,2.35,10.5,578616,2.08,5.24,11.26,624571,22938,18894,4812,2901
Portugal,TMN,268/06,2/2,-75,-9,4.7,3.33,0.91,18,937462,2.29,4.21,3.6,283197,41095,30749,3480,1901
Turkey,AVEA (IS-TIM Aria),286/03,2/2,-74,-6,1.83,4.16,7.64,3.1,677548,3.11,1.14,6.28,493830,27382,6580,1192,1938
MACEDONIA,T-Mobile (Mobimak),294/01,2/2,-92,-15,3.82,4.52,3.46,10.6,988838,0.2,0.75,5.18,714701,5945,38575,4624,2934
Canada,Rogers Wireless,302/61,2/2,-109,-10,3.71,5.26,0.09,0.5,423628,2.9,1.54,11.54,713062,42136,11946,406,995
Canada,Rogers Wireless,302/22,2/2,-119,-11,1.24,3.04,2.13,16.8,760326,5.38,1.39,11.46,121877,49575,21761,1446,731
United States of America ,AT&T,310/41,2/2,-103,-13,4.32,1.09,8.77,10.7,705229,0.42,5.32,8.09,113797,18601,19952,2026,2775
United States of America ,T-Mobile,310/26,2/2,-72,-13,2.74,2.77,8.05,19.4,427515,1.13,3.19,6.42,305245,25232,32476,3688,2366
United States of America ,Southern Communications dba Southern LINC,310/15,2/2,-118,-7,5.38,4.98,0.55,9.7,856372,4.66,3.21,9.9,746561,3738,29319,336,372
Unted States,Verizon Wireless,311/48,2/2,-91,-12,4.11,4.26,2.66,13.1,646706,2.91,3.82,1.43,926401,48929,30035,4816,39
India,Airtel (Kolkata),404/31,2/2,-114,-10,5,4.69,2.49,11.4,376917,3.31,4.76,10.66,871530,31645,26551,2562,2728
India,Airtel (Andhra Pradesh),404/49,2/2,-104,-16,2.04,4.35,4.32,4,743625,1.98,5.1,9.26,420317,11575,9756,3954,2198
India,Airtel (Mumbai),404/92,2/2,-85,-11,4.1,3.67,6.55,11.4,519041,2.52,4.45,4.52,795436,27905,38001,896,2028
India,Airtel (Kerala),404/95,2/2,-100,-11,4.64,4.41,10.25,15.4,463768,4.71,2.7,8.17,112321,10169,16959,2470,363
India,AirTel (Chennai),404/03,2/2,-104,-6,3.55,2.2,6.66,18.7,632817,0.86,4.62,4.61,129796,9645,17032,4110,739
India,Vodafone India (Mumbai) Hutchison Orange,404/20,2/2,-70,-11,4.7,3.61,11.36,9.5,685718,4.09,1.72,3.55,829798,21888,24791,4100,2840
India,Airtel (Karnataka),404/45,2/2,-119,-12,2.53,2.67,5.73,6,950360,3.71,2.05,10.33,943847,37916,32229,620,2186
India,Airtel (Maharashtra & Goa),404/90,2/2,-78,-9,4.84,3.16,10.52,10.7,563303,1.39,1.3,9.45,615134,35472,7445,1202,186
India,India(404),404/94,2/2,-114,-8,4.38,2.26,6.75,8.4,581863,4.01,4.77,0.76,604119,5341,31879,3495,1884
India,AirTel (Chennai),404/02,2/2,-107,-13,4.15,4.35,8,5.4,148848,3.76,0.49,10.85,925782,13225,46766,409,2097
India,Airtel (Uttar Pradesh W),404/97,2/2,-73,-8,0.64,0.19,11.17,7.7,166120,1.65,2.38,11.31,838847,42048,7125,444,2648
India,Vodafone (New Delhi) Hutchision Essar,404/11,2/2,-73,-7,0.53,0.99,7.7,3.1,452808,4.76,4.35,9.6,589610,5784,15160,3117,1037
India,AirTel (Chennai),404/40,2/2,-88,-14,1.39,1.72,6.21,11.5,271050,0.56,3.92,4.2,168447,16614,5615,1968,206
India,"Airtel (Rajasthan),Hexacom",404/70,2/2,-72,-13,0.58,4.44,10.91,6.9,497540,4.05,0.31,0.86,148885,2076,46474,18,168
India,Airtel (Madhya Pradesh),404/93,2/2,-101,-16,0.91,0.42,3.31,10.3,294656,0.45,1.11,10.96,503318,29213,40974,897,2905
India,Airtel (Haryana),404/96,2/2,-112,-10,1.85,4.86,9.79,7.9,435777,3.12,2.8,3.27,326895,45053,26748,1830,414
India,Airtel (Delhi),404/10,2/2,-103,-8,4.88,0.64,4.56,11.9,130736,3.78,2.48,3.66,870896,48121,23267,2074,1139
India(405),,405/52,2/2,-117,-13,0.4,3.08,8.3,1.1,119063,4.62,4.25,7.12,177701,44992,16810,2934,2213
India(405),"AirTel (Bharti-Televentures), Uttar Predesh East",405/54,2/2,-73,-11,0.35,3.06,2.08,6.9,887255,4.76,1.59,2.92,894669,39014,11604,260,1171
India(405),"AirTel (Bharti-Televentures), Orissa",405/53,2/2,-119,-9,4.73,2.05,8.05,10.6,987227,4.69,5.06,10.21,581599,12880,26079,3200,2791
Sri Lanka,Bharti Airtel,413/05,2/2,-91,-11,1.56,1.36,3.33,12.1,483935,3.24,3.92,11.81,491008,32450,1195,3292,2125
Sri Lanka,Dialog Axiata (ex MTN),413/02,2/2,-61,-10,4.31,4.72,7.38,1.9,495266,3.21,3.91,5.78,484506,10563,6067,3051,2183
Myanmar,Telenor Myanmar (Comcel Myanmar),414/06,2/2,-94,-13,5.04,4.55,5.92,1,587407,2.05,1,10.28,563949,26884,40370,2315,2569
Myanmar,Ooredoo Myanmar,414/05,2/2,-117,-15,3.56,4.9,3.07,6,299243,5.12,4.49,5.43,824809,27326,40747,2197,217
Myanmar,Myanmar Post and Telecommunication,414/01,2/2,-71,-8,1.23,2.09,8.81,14.9,529712,3.53,1.36,5.29,656064,23647,33224,262,256
Saudi Arabia,Mobily,420/03,2/2,-108,-13,4.52,4.53,9.56,7.4,640499,0.46,1.32,11.92,938870,2685,48278,585,2110
Saudi Arabia,Saudi Telecom Company,420/01,2/2,-95,-11,2.97,2.43,7.3,10.4,952573,0.2,3.38,10.58,119160,45896,24282,3828,2788
United Arab Emirates,Etisalat(UAE),424/02,2/2,-64,-16,4.91,0.53,0.18,11,869558,2.72,0.98,4.58,998730,35480,40128,4327,507
Bahrain,Batelco,426/01,2/2,-78,-16,4.48,3.02,9.02,19.8,371182,3.12,3.26,7.25,911083,34496,11663,96,448
Qatar,Q-Tel,427/01,2/2,-77,-11,2.28,1.39,1.01,18.4,262637,4.8,4.97,8.24,104611,5121,24900,2269,1044
Japan,NTT Docomo,440/10,2/2,-101,-10,5.3,3.77,5.82,15.7,249866,5.5,1.59,7.14,509489,8848,32108,1404,1606
Japan,Soft Bank (Vodafone KK),440/20,2/2,-71,-13,5.29,3.2,10.25,15,341598,3.23,0.45,6.9,315492,38945,43509,761,2512
South Korea,LGT Telcom,450/06,2/2,-68,-11,1.2,1.27,11.75,7.5,764466,1.72,5.3,1.37,771400,1996,19736,1912,1515
South Korea,SK Telecom,450/05,2/2,-112,-16,1.1,2.57,11.2,9.5,434942,5.05,3.14,0.89,647995,36362,3956,844,1034
Vietnam,Viettel,452/04,2/2,-89,-8,1.14,3.48,8.14,19,843530,4.35,1.37,7.68,200222,22172,31108,4291,490
Vietnam,Vinaphone,452/02,2/2,-97,-13,1,1.11,4.27,17.5,272916,0.45,4.6,9.7,921285,38241,46155,4913,417
Vietnam,Vietnam Mobile Telecom (VMS),452/01,2/2,-81,-13,0.19,0.23,1.65,7.4,944376,1.02,3.71,1.07,566899,15475,41096,1564,2864
Hongkong,CSL (C&W),454/00,2/2,-102,-10,2.13,3.59,5.99,5.9,793870,1.03,2.13,11.63,972150,40352,26689,656,2123
Hongkong,PCCW-HKT Telephone Limited,454/19,2/2,-61,-10,3.45,0.45,1.32,18.3,495994,4.83,2.63,6.73,623971,36415,4844,4975,498
Hongkong,China Mobile - Peoples,454/12,2/2,-120,-7,1.18,1.66,5.83,14.3,117519,0.05,1.76,9.14,249544,30604,4203,1765,816
Hongkong,H3G(HONG KONG),454/03,2/2,-96,-7,4.28,2.28,11.87,5.8,867465,3.58,5.12,0.54,129436,1331,20118,2362,2612
Macao,Hutchison 3,455/03,2/2,-79,-6,4.73,1.47,3.71,5.6,232275,3.71,4.86,4.99,447511,3751,40143,1789,189
Macao,CTM,455/01,2/2,-62,-12,0.68,4.05,3.92,17.6,703876,1.74,0.39,6.12,313792,10521,28432,947,2961
CAMBODIA,CamGSM Mobitel,456/01,2/2,-105,-7,3.99,2.02,11.18,6.9,354040,5.17,1.69,6.86,195525,9221,26531,3820,985
CAMBODIA,Viettel,456/08,2/2,-75,-7,3.95,1.67,10.6,6.4,826967,3.88,1.91,10.61,444126,23922,46702,1881,1259
CAMBODIA,Latelz Co. Ltd,456/06,2/2,-81,-14,2.91,5.08,11.43,3.5,852628,2.52,2.78,2.1,123430,45409,49298,452,2804
China,China Mobile,460/00,2/2,-75,-11,5.06,4.91,11.45,19.1,880717,0.2,2.75,2.9,218770,26450,9505,1019,1589
China,China Mobile,460/07,2/2,-94,-11,2.48,2.13,3.77,17.2,593293,0.91,0.09,8.21,680194,40556,31273,4777,1497
China,China Mobile,460/02,2/2,-63,-13,3.43,2.02,1.53,12.7,306496,4.97,0.29,1.75,918904,6854,46373,2975,1639
China,China Unicom,460/01,2/2,-62,-11,4.44,5.07,6.59,12.1,419419,4.21,2.95,3.63,294562,34743,3604,530,1224
Taiwan,Taiwan Mobile (ex TCC),466/97,2/2,-84,-15,2.62,2.93,6.24,6.6,304743,3.16,1.04,9.89,856037,36902,44475,440,1210
Taiwan,Chunghwa Telecom,466/92,2/2,-74,-8,4.83,2.73,4.11,6.9,763685,3.17,2.99,0.13,784789,6925,20385,1689,1150
Taiwan,Fareastone,466/01,2/2,-82,-16,4.56,1.22,10.19,5.1,457010,3.58,2.51,8.24,212916,35382,12492,4224,985
Malaysia,Maxis,502/12,2/2,-104,-15,1.17,1.57,8.57,9.8,644159,5,4.41,11.3,690849,39419,46821,1909,904
Malaysia,Celcom,502/19,2/2,-111,-14,1.33,0.21,1.23,3.3,788937,1.16,1.39,11.22,807926,48590,21915,1094,1186
Malaysia,U Mobile Sdn Bhd,502/18,2/2,-103,-13,5.05,3.9,4.24,19.6,688549,5.42,0.23,2.21,579536,29886,46511,321,735
Malaysia,DiGi  Telecommunication,502/16,2/2,-93,-16,0.51,4.26,6.14,16.3,266481,2.37,1.21,3.12,700818,30359,20534,534,252
Australia,Optus,505/02,2/2,-71,-14,0.23,4.37,2.18,6.2,880235,5.25,1.62,4.69,700885,42570,2210,1555,1823
Australia,Telstra,505/01,2/2,-108,-15,0.43,1.56,10.48,16.5,478512,2.41,0.95,4.48,617150,2220,29073,4331,859
Indonesia,Telkomsel,510/10,2/2,-113,-12,0.31,1.59,2.59,15.7,806456,4.56,4.31,1.2,773577,41627,34605,2569,2289
Indonesia,Hutchison,510/89,2/2,-105,-11,0.09,3.4,10.62,18.2,764400,1.51,0.26,3.21,619140,16589,38951,1782,354
Indonesia,Excelcom Indo,510/11,2/2,-102,-13,3.07,1.71,7.98,19.9,597214,2.73,4.37,11.18,148977,42540,35634,2914,1268
Philippines,Globetel,515/02,2/2,-96,-12,5.03,5.22,1.6,2.1,326195,4.74,0.92,7.76,328600,14189,33338,1543,1425
Philippines,Digitel (Sun Cellular),515/05,2/2,-81,-13,1.83,2.38,1.25,15.9,639265,4.5,2.14,4.2,371414,43968,9600,3714,2534
Thailand,Advanced Wireless Network Company Ltd.,520/03,2/2,-109,-15,1.87,4.04,11.31,15.4,897630,4.84,2.76,6.9,531681,1735,17722,817,1436
Thailand,True Move  HSPA,520/00,2/2,-102,-8,4.11,3.72,7.17,13.6,786303,2.8,1.36,2.63,706249,35328,34480,1242,2340
Thailand,Total Access (DTAC),520/05,2/2,-68,-15,4.72,3.28,8.32,4.3,559553,1.61,2.54,1.99,677525,40958,39664,915,1400
Singapore,Starhub,525/05,2/2,-105,-8,3.79,2.88,4.77,2,538193,0.78,3.74,11.68,551645,32088,13721,207,2667
Singapore,Mobile One,525/03,2/2,-66,-12,3.13,1.06,1.25,0.6,295340,2.93,0.11,11.65,941272,26193,35659,3780,2359
Brunei,B-Mobile,528/02,2/2,-78,-6,0.3,0.58,9.97,13.4,962977,4.9,4.1,8.64,949054,14157,12478,1697,2150
Brunei,DST,528/11,2/2,-79,-16,1.49,4.57,10.47,0.9,210368,0.86,4.39,6.31,998974,27537,19909,1993,356
New Zealand,Telecom New Zealand,530/05,2/2,-103,-14,2.26,5.45,3.77,11.4,438426,5.16,1.69,3.59,613561,43508,31394,4804,2225
New Zealand,Vodafone(NEW ZEALAND),530/01,2/2,-111,-10,4.8,4.64,5.09,4.6,324189,0.08,1.11,0.28,521212,24139,11547,1633,1225
New Zealand,Two Degrees (NZ Communications),530/24,2/2,-92,-15,3.81,2.32,4.43,9.8,228065,4.33,0.9,5.49,321299,22955,9658,2994,207
Morocco,Itissalat Al Maghrib (Mobile GSM),604/01,2/2,-62,-12,3.64,1.61,7.69,12.2,356337,0.22,0.97,1.62,824598,7969,15382,1430,1655
,,,,,,,,,,,,,,,,,,
,,,,,,,,,,,,,,,,,,
Netherlands,Vodafone(NETHERLANDS),204/04,2/3,-77,-6,3.56,3.58,0.44,11.6,615188,0.12,5.49,7.11,618204,34635,12906,3708,2408
Netherlands,T-mobile (ex Ben),204/16,2/3,-115,-6,3.83,1.01,7.18,5.3,718277,2.58,1.56,2.33,288141,48687,10383,1885,1865
Netherlands,KPN (iBasis),204/08,2/3,-78,-8,2.2,4.52,9.08,13,176852,0.4,2.11,6.69,713790,46713,33039,1015,243
Belgium,Belgacom Mobile,206/01,2/3,-113,-13,2.01,5.21,10.79,9.6,705848,4.71,4.08,6.34,324892,22562,35472,3440,45
France,Bouygues,208/20,2/3,-108,-11,3.41,0.33,1.29,7.6,929209,2.5,5.2,11.36,187149,13703,35776,863,1523
France,Free Mobile,208/15,2/3,-99,-10,2.79,2.84,6.22,8.3,662286,0.5,5.2,11.05,876279,29484,43780,1961,1096
France,SFR (Cegetel),208/10,2/3,-80,-10,5.3,4.98,9.94,0.5,399025,3.88,4.44,7.52,723191,47799,46396,2344,2162
Andorra,Mobiland/STA,213/03,2/3,-113,-15,1.2,3.71,11.42,9,677658,4.27,1.91,4.55,513292,6767,16242,2028,2858
Spain,Telefonica Moviles(SPAIN),214/07,2/3,-66,-12,0.37,0.9,5.31,6.5,247256,0.33,3.39,3.69,904469,15363,21779,2110,1711
Spain,Vodafone (AirTel),214/01,2/3,-70,-7,0.44,3.21,10.17,5.2,263717,3.17,2.15,0.68,387968,5609,16071,2664,2507
Italy,TIM (Telecom Italia),222/01,2/3,-82,-6,1.82,1.55,9.49,1.5,671960,1.5,5.33,6.59,745805,23378,34919,2977,2547
Italy,H3G(ITALY),222/99,2/3,-60,-11,4.62,3.33,11.23,5.5,286596,4.45,4.88,8.9,809692,17096,11567,3660,1131
Italy,Vodafone Omnitel,222/10,2/3,-119,-8,1.71,0.82,0.22,1.9,765266,0.43,1.81,8.88,995479,26066,10294,2180,1224
Switzerland,Swisscom,228/01,2/3,-117,-9,3.57,2.02,5.45,19.4,595983,1.26,3.91,9.09,520736,45153,23269,286,1869
Switzerland,Sunrise DiAx,228/02,2/3,-102,-9,5.04,5.34,8.17,7.8,990551,4.64,4.09,1.87,341944,1844,30298,1290,2637
United Kingdom,Everything Everywhere,234/30,2/3,-71,-9,4.23,2.32,5.83,13.5,584264,2.49,4.58,0.35,849693,24164,7879,3371,2912
United Kingdom,Telefonica O2 (CellNet),234/10,2/3,-96,-7,0.24,3.39,10.58,7.4,526718,0.16,3.39,1.51,690360,17114,28952,3361,2918
United Kingdom,Jersey Telecom (JT-Wave),234/50,2/3,-96,-8,3.56,4.58,7.57,19,929621,2.05,4.56,6.92,637328,12666,13429,2895,587
United Kingdom,Everything Everywhere (ex-Orange),234/33,2/3,-94,-14,0.84,0.33,1.35,3.2,152311,2.35,0.69,4,855023,20931,20411,1799,2048
Sweden,Tele2 - Comviq,240/07,2/3,-63,-16,1.1,1.07,4.41,4.3,729701,4.53,2.13,3.06,104397,37174,5297,1973,2356
Sweden,"Telenor (Vodafone,Europolitn)",240/08,2/3,-113,-10,3.05,3.83,4.69,10.2,532897,0.6,2.46,0.11,951300,5773,3470,1711,1939
Norway,NetCom TeliaSonera,242/02,2/3,-91,-16,0.73,0.42,2.02,2.8,224381,4.31,2.75,3.31,383477,35623,18460,3173,319
Estonia,EMT,248/01,2/3,-86,-12,2.48,0.5,10.27,16.5,359713,4.43,4.66,6.35,619991,8491,19137,1701,120
Russia,Vimpelcom Beeline (KB Impuls),250/99,2/3,-119,-14,0.76,3.51,3.52,7.8,388777,1.09,4.28,5.2,654188,47459,6440,1406,889
Poland,P4 Play,260/06,2/3,-103,-11,3.61,3.89,4.74,11,180331,4.89,0.95,2.37,585588,48230,38141,4743,1829
Germany,E-Plus,262/03,2/3,-106,-13,2.11,2.12,6.36,7.2,313768,3.87,5.07,9.12,199005,46962,31577,4697,2105
Germany,Telekom Deutschland (T-Mobile),262/01,2/3,-105,-15,2.52,2.54,1.12,19.6,798242,0.48,1.75,9.18,968784,21950,45104,2146,2476
Germany,Telefonica O2/viag,262/07,2/3,-63,-15,3.56,0.77,10.33,13.8,789948,3.56,5.02,11.97,638662,47824,20313,3994,292
Portugal,TMN,268/06,2/3,-65,-15,2.06,4.37,10.97,18.1,280601,0.39,2.22,1.77,372768,43834,37476,1956,1234
Turkey,AVEA (IS-TIM Aria),286/03,2/3,-67,-15,5.45,4.62,5.68,0.9,437236,1.78,1.39,9.78,360551,15352,31319,1924,740
MACEDONIA,T-Mobile (Mobimak),294/01,2/3,-86,-9,4.83,4.86,5.9,11.2,542282,1.74,4.4,11.05,327793,35551,21316,4266,1257
Canada,Rogers Wireless,302/61,2/3,-80,-7,4.46,1.8,3.18,4.4,671276,0.91,1.62,11.03,213873,7241,26024,1188,2552
Canada,Rogers Wireless,302/22,2/3,-99,-7,1.29,0.21,7.57,4.2,661797,4.02,0.34,11.28,167341,8690,21594,2829,2667
United States of America ,AT&T,310/41,2/3,-113,-16,0.17,0.62,3.38,13,642471,5.49,4.6,0.71,144731,3324,24383,3805,96
United States of America ,T-Mobile,310/26,2/3,-116,-14,3.76,2.08,1.44,3.2,512154,3.23,2.11,2.68,265179,17321,14214,2906,915
United States of America ,Southern Communications dba Southern LINC,310/15,2/3,-79,-7,2.88,0.36,10.56,5.2,615829,1.47,2.93,8.83,878008,47566,8091,2956,2611
Unted States,Verizon Wireless,311/48,2/3,-64,-15,4.07,5.04,5.6,6.6,446379,4.28,2.12,8.13,792695,10673,24389,3996,427
India,Airtel (Kolkata),404/31,2/3,-115,-6,3.68,0.8,10.32,14.8,378596,0.37,4.1,5.2,105204,34704,22326,1717,304
India,Airtel (Andhra Pradesh),404/49,2/3,-83,-10,4.18,4.02,5.36,7,459819,5.48,3.02,0.68,640000,39283,11962,3576,2624
India,Airtel (Mumbai),404/92,2/3,-60,-12,2.87,2.15,9.65,1.6,183135,4.63,4.58,9.09,387688,46658,34056,3300,2166
India,Airtel (Kerala),404/95,2/3,-86,-7,1.56,0.41,3.96,15.9,208074,0.75,1.27,8.44,503493,45687,27749,4551,1495
India,AirTel (Chennai),404/03,2/3,-82,-16,4.26,4.36,1.62,18.9,607832,3.49,0.69,2.86,504150,4294,24542,449,1732
India,Vodafone India (Mumbai) Hutchison Orange,404/20,2/3,-62,-8,3.17,3.02,4.8,17.1,437518,3.71,5.24,6.67,957749,10909,14123,2291,1714
India,Airtel (Karnataka),404/45,2/3,-68,-15,4.2,0.41,9.54,8.7,185332,3.7,3.21,2.45,241591,38726,29207,1637,2926
India,Airtel (Maharashtra & Goa),404/90,2/3,-60,-13,3.48,0.45,11.02,4.7,258802,1.85,5.14,6.26,589776,42892,25905,1250,1434
India,India(404),404/94,2/3,-118,-9,1.16,5.44,0.54,3.1,905313,4.91,5.21,1.21,116345,5757,31484,2398,438
India,AirTel (Chennai),404/02,2/3,-107,-11,3.47,5.12,2.45,14.7,313479,2.39,1.99,8.67,192416,22413,4674,2776,683
India,Airtel (Uttar Pradesh W),404/97,2/3,-89,-8,5.16,1.88,11.43,1.2,898953,4.8,3.17,8.93,877983,44123,1330,1323,71
India,Vodafone (New Delhi) Hutchision Essar,404/11,2/3,-83,-12,4.01,3.99,2.92,13.5,270715,3.21,1,3.51,846301,7178,18257,1609,286
India,AirTel (Chennai),404/40,2/3,-110,-12,3.11,2.79,3.28,16.9,604180,2.89,4.04,5.93,278607,4137,20911,1012,2967
India,"Airtel (Rajasthan),Hexacom",404/70,2/3,-74,-13,3.38,5.34,3.79,13.5,467792,4.9,0.52,1.3,653429,29375,37213,810,2738
India,Airtel (Madhya Pradesh),404/93,2/3,-112,-8,4.09,1.54,4.2,4.5,626848,3.16,1.65,5.01,969503,30695,31879,2662,1491
India,Airtel (Haryana),404/96,2/3,-92,-14,4.32,4.55,8.72,8.3,745222,1.65,0.83,0.5,509387,32045,15710,3813,36
India,Airtel (Delhi),404/10,2/3,-102,-14,2.91,3.82,10.61,17.2,878494,3.12,1.17,6.41,464076,11010,43358,2944,1488
India(405),,405/52,2/3,-91,-12,0.78,4.5,1.2,19.7,510931,0.6,0.67,1.96,756779,21488,9518,2071,2345
India(405),"AirTel (Bharti-Televentures), Uttar Predesh East",405/54,2/3,-84,-12,3.06,3.62,9.99,3.7,978244,3.16,5.24,11.08,488670,17123,18703,4239,593
India(405),"AirTel (Bharti-Televentures), Orissa",405/53,2/3,-104,-6,3.44,2.88,8.35,10.7,316123,0.43,0.94,9.92,508266,42604,15952,3369,1679
Sri Lanka,Bharti Airtel,413/05,2/3,-114,-6,5.12,4.54,2.59,11,165794,4,5.41,4.24,512664,26612,17029,2720,2108
Sri Lanka,Dialog Axiata (ex MTN),413/02,2/3,-105,-10,4.35,4.42,10.46,15.4,905587,0.95,2.27,9.83,774156,15496,42631,1295,18
Myanmar,Telenor Myanmar (Comcel Myanmar),414/06,2/3,-63,-12,0.58,4.84,1.22,17.4,471784,1.85,1.71,2.81,151618,43742,48765,677,220
Myanmar,Ooredoo Myanmar,414/05,2/3,-107,-15,4.67,3.93,8.29,11.6,772655,4.93,0.1,6.26,735937,25572,38933,1791,505
Myanmar,Myanmar Post and Telecommunication,414/01,2/3,-93,-15,1.01,5.34,2.63,18.5,356357,3.34,3.1,8.31,533683,32801,15180,173,629
Saudi Arabia,Mobily,420/03,2/3,-108,-7,0.93,5.35,7.86,16.9,162738,5.06,3.05,11.25,850238,36261,37483,3199,2761
Saudi Arabia,Saudi Telecom Company,420/01,2/3,-112,-14,3.15,2.02,5.35,19.1,518126,4.27,1.73,9.15,657172,8648,16445,1770,2742
United Arab Emirates,Etisalat(UAE),424/02,2/3,-73,-6,4.79,3.63,0.23,14,828554,4.44,1.56,9.35,189208,4393,43267,458,2106
Bahrain,Batelco,426/01,2/3,-84,-16,5.14,0.71,1.05,11.2,458918,3.45,1.45,8.54,949215,46105,20147,4501,2701
Qatar,Q-Tel,427/01,2/3,-78,-7,3.04,5.06,0.83,7.9,757020,1.54,5.02,8.95,337571,14696,28690,3518,2516
Japan,NTT Docomo,440/10,2/3,-118,-15,5.47,3.08,1.78,11,334544,1.03,4.83,3.34,980050,2960,4934,2460,1514
Japan,Soft Bank (Vodafone KK),440/20,2/3,-117,-6,0.83,3.23,3.37,16.2,898806,4.71,1,5.96,332449,46836,12359,4616,1105
South Korea,LGT Telcom,450/06,2/3,-104,-15,4.26,5.46,2.27,1,479638,2.96,4.58,0.31,207348,35339,30949,3284,2873
South Korea,SK Telecom,450/05,2/3,-115,-8,1,1.98,7.85,11.9,238463,2.32,4.53,5.37,855728,32700,39481,1497,1357
Vietnam,Viettel,452/04,2/3,-65,-7,2.4,0.05,6.08,1.4,172863,0.14,5.29,3.4,372641,5770,12809,4064,2558
Vietnam,Vinaphone,452/02,2/3,-70,-16,0.47,4.69,5.59,10.6,853689,1.04,1.64,8.3,761035,31721,48924,956,2488
Vietnam,Vietnam Mobile Telecom (VMS),452/01,2/3,-78,-15,0.25,2.96,5.71,10.1,986911,1.14,4.12,7.32,255106,24404,49614,2489,774
Hongkong,CSL (C&W),454/00,2/3,-115,-12,1.82,2.32,11.9,17.8,840047,1.51,0.94,3.99,206815,38762,46435,1603,2296
Hongkong,PCCW-HKT Telephone Limited,454/19,2/3,-60,-9,0.23,1.52,1.4,9.9,819761,3.46,0.3,10.27,327899,1295,38761,4909,2154
Hongkong,China Mobile - Peoples,454/12,2/3,-69,-12,2.48,0.34,10.6,9.3,496598,2.59,4.64,10.41,301596,48945,24869,4146,1294
Hongkong,H3G(HONG KONG),454/03,2/3,-103,-12,3.89,5.22,7.2,19.4,541090,1.11,4.67,8.51,604944,42609,8724,695,550
Macao,Hutchison 3,455/03,2/3,-89,-12,5.15,2.72,2.61,18.2,116156,4.42,4.3,10.68,622851,49329,16620,218,156
Macao,CTM,455/01,2/3,-84,-14,2.55,3.3,10.26,0.5,493752,4.04,2.96,11.2,488974,37242,6097,3284,866
CAMBODIA,CamGSM Mobitel,456/01,2/3,-116,-8,4.3,5.28,4.87,16.8,777445,4.73,4.2,7.2,460213,34611,19990,992,1426
CAMBODIA,Viettel,456/08,2/3,-101,-15,1.67,4.26,1.13,2.5,801431,1.68,2.78,4.69,513766,35875,35777,938,1928
CAMBODIA,Latelz Co. Ltd,456/06,2/3,-120,-13,4.3,0.06,0.86,2.9,977148,3.98,0.17,9.11,216826,30255,43057,4794,520
China,China Mobile,460/00,2/3,-72,-6,3.97,3,1.55,2.9,197724,1.76,5.08,5.53,240160,28238,15972,739,2006
China,China Mobile,460/07,2/3,-64,-9,5.47,1.64,5.85,8.9,792570,2.7,4.83,10.16,377058,36090,22187,3067,1204
China,China Mobile,460/02,2/3,-101,-12,1.03,1.33,3.65,10.9,214538,5.31,5.35,7.55,466184,28028,39684,364,881
China,China Unicom,460/01,2/3,-67,-15,0.46,2.78,3.98,17.8,761019,1.29,5.12,4.39,677524,44719,17341,3146,1899
Taiwan,Taiwan Mobile (ex TCC),466/97,2/3,-85,-12,2.34,3.92,9.52,16,789418,0.17,2.92,0.69,150482,5627,19920,2900,56
Taiwan,Chunghwa Telecom,466/92,2/3,-65,-15,1.98,1.01,10.34,3,359806,3.25,4.82,7.95,323789,2637,31332,2782,2213
Taiwan,Fareastone,466/01,2/3,-114,-8,4.44,3.93,5.81,17.1,965785,1.54,5.25,0.71,558700,9061,4573,4075,272
Malaysia,Maxis,502/12,2/3,-114,-12,1.03,0.3,2.81,19.2,188046,2.26,2.57,11.51,735480,28928,18664,1942,1407
Malaysia,Celcom,502/19,2/3,-97,-7,5.27,4.95,9.29,17.6,495543,1.66,3.87,8.67,243009,24849,15486,4212,544
Malaysia,U Mobile Sdn Bhd,502/18,2/3,-90,-15,1.74,3.84,11.39,4.5,769800,0.31,1.99,10.54,810699,8712,7853,3565,2228
Malaysia,DiGi  Telecommunication,502/16,2/3,-101,-12,0.76,3.22,11.02,6.6,341740,1.56,4.55,0.4,218083,7341,31440,342,353
Australia,Optus,505/02,2/3,-103,-6,3.85,2.39,1.58,17.2,278633,0.23,4.96,6.97,904280,47878,10173,2678,323
Australia,Telstra,505/01,2/3,-109,-12,2.46,4.67,0.79,1.4,882548,0.66,4.21,4.52,533360,3809,20514,1717,1539
Indonesia,Telkomsel,510/10,2/3,-98,-10,4.86,4.25,1.75,9.4,358650,0.09,2.23,4.84,444380,48793,37116,2265,2201
Indonesia,Hutchison,510/89,2/3,-61,-14,3.65,2.3,5.41,1.3,226602,0.34,4.02,0.96,713317,27582,15172,1634,2507
Indonesia,Excelcom Indo,510/11,2/3,-68,-9,4.51,2.88,8.01,16.9,524594,0.4,3.17,1.14,894045,14323,4195,3692,928
Philippines,Globetel,515/02,2/3,-92,-12,4.31,4,11.77,18.1,827952,0.64,5.13,2.66,603345,17723,23945,3294,2640
Philippines,Digitel (Sun Cellular),515/05,2/3,-91,-13,0.12,3.45,7.92,6.1,373626,4.24,3.03,8.86,632856,35817,22341,2517,2730
Thailand,Advanced Wireless Network Company Ltd.,520/03,2/3,-112,-14,2.63,5.21,8.52,17.6,676042,3.22,3.87,3.93,665367,45413,45310,2909,2557
Thailand,True Move  HSPA,520/00,2/3,-86,-7,2.64,3.57,5.02,12.6,709041,2.13,4.42,11.07,728593,28421,29356,969,74
Thailand,Total Access (DTAC),520/05,2/3,-62,-6,5.05,3.54,6.19,13.2,628834,0.46,1.19,6.9,448547,39305,6104,3582,1045
Singapore,Starhub,525/05,2/3,-109,-6,2.37,3.94,5.15,9.1,157560,4.71,5.03,0.33,759127,11447,32004,2069,296
Singapore,Mobile One,525/03,2/3,-91,-6,1.78,2.92,7.78,19.7,968554,3.95,3.73,4.94,604022,17358,40934,2214,2181
Brunei,B-Mobile,528/02,2/3,-78,-7,4.34,2.03,4.77,12.8,506708,3.96,3.21,10.02,957857,11453,39805,2889,1329
Brunei,DST,528/11,2/3,-105,-12,1.93,1.67,7.31,17.4,712508,1.08,2.62,3.07,736129,43969,36311,377,2251
New Zealand,Telecom New Zealand,530/05,2/3,-114,-9,2.39,1.65,4.13,10.7,468267,3.29,4.06,8.41,795294,26389,3870,2119,2962
New Zealand,Vodafone(NEW ZEALAND),530/01,2/3,-113,-7,2.68,1.09,5.49,19.5,939259,2.91,3.13,5.91,359979,24176,37071,1394,864
New Zealand,Two Degrees (NZ Communications),530/24,2/3,-111,-6,5.16,4.7,0.73,1.7,565234,4.47,1.7,8.83,123064,15555,23502,865,1894
Morocco,Itissalat Al Maghrib (Mobile GSM),604/01,2/3,-108,-8,4.69,0.79,2.76,1.5,558235,4.84,4.3,9.02,465443,27650,1688,3851,1002
,,,,,,,,,,,,,,,,,,
,,,,,,,,,,,,,,,,,,
Netherlands,Vodafone(NETHERLANDS),204/04,2/4,-82,-12,5.26,3.64,1.22,1.4,558849,2.68,3.99,3.63,680326,32078,28554,3710,1507
Netherlands,T-mobile (ex Ben),204/16,2/4,-98,-13,3.29,1.55,3.25,6.7,472886,1.78,0.29,8.87,762463,43634,43891,2641,1517
Netherlands,KPN (iBasis),204/08,2/4,-110,-11,0.97,2.17,11.2,7.7,619227,3.51,5.49,0.96,669413,18196,15747,2848,2827
Belgium,Belgacom Mobile,206/01,2/4,-111,-13,2.06,2.34,7.42,13.5,819432,4.68,4.37,9.24,924048,49727,35550,4238,218
France,Bouygues,208/20,2/4,-106,-15,0.69,4.37,8.78,2,467590,3.91,4.26,1.2,417531,7525,12918,26,1919
France,Free Mobile,208/15,2/4,-108,-7,1.83,2.3,4.49,19.8,627256,5.28,2.44,5.61,823610,5445,24151,4156,1976
France,SFR (Cegetel),208/10,2/4,-100,-14,0.98,0.71,8.71,16,586431,4.41,1.25,2.87,120782,32101,46624,275,1452
Andorra,Mobiland/STA,213/03,2/4,-94,-11,4.18,4.87,10.17,13.1,572921,4.24,0.53,11.17,151424,24967,13663,2324,2454
Spain,Telefonica Moviles(SPAIN),214/07,2/4,-70,-11,0.21,3.65,3.82,16.8,712108,2.03,4.1,9.94,288297,33022,10922,3715,2694
Spain,Vodafone (AirTel),214/01,2/4,-95,-9,1.39,5.47,1.61,3.2,311232,4.73,1.98,7.09,380535,26115,34138,2394,2213
Italy,TIM (Telecom Italia),222/01,2/4,-62,-14,1.3,3.82,7.76,5.1,149324,1.02,4.29,9.98,739778,47478,41869,3213,975
Italy,H3G(ITALY),222/99,2/4,-114,-12,3.78,4.93,3.12,10.2,341945,0.63,3.61,11.95,527564,10732,35948,3146,728
Italy,Vodafone Omnitel,222/10,2/4,-98,-7,1.46,0.94,11.35,11,221951,5.38,0.93,0.18,388976,32191,1958,1358,874
Switzerland,Swisscom,228/01,2/4,-91,-13,1.13,0.87,10.14,5,960942,4.62,2.99,6.45,952355,4137,12945,2648,1247
Switzerland,Sunrise DiAx,228/02,2/4,-71,-12,5.2,1.63,8.59,16.2,330531,0.38,3.69,1.57,528498,40460,1452,304,2761
United Kingdom,Everything Everywhere,234/30,2/4,-82,-15,0.3,1.98,7.3,4,759317,3.35,2.05,12,667467,42363,42538,1827,1288
United Kingdom,Telefonica O2 (CellNet),234/10,2/4,-112,-10,3.68,2.49,10.15,4.7,117257,5.07,4.82,8.57,525223,32294,9626,1549,13
United Kingdom,Jersey Telecom (JT-Wave),234/50,2/4,-105,-11,2.72,0.16,8.7,9.3,829860,3.86,0.18,10.64,106874,46377,22020,860,2104
United Kingdom,Everything Everywhere (ex-Orange),234/33,2/4,-110,-15,0.07,4.06,3.41,10.1,285604,3.22,0.62,11.22,872375,39881,24850,2664,1326
Sweden,Tele2 - Comviq,240/07,2/4,-89,-14,1.17,4.38,10.95,18,902196,2.34,2.98,1.35,997720,29869,41900,3848,147
Sweden,"Telenor (Vodafone,Europolitn)",240/08,2/4,-92,-12,2.74,3.59,2.62,8.5,729950,5.43,4.47,8.61,436522,19110,35551,2966,1615
Norway,NetCom TeliaSonera,242/02,2/4,-104,-12,0.59,4.74,2.68,9.2,147667,0.37,0.61,1.99,579723,20092,11863,2228,1124
Estonia,EMT,248/01,2/4,-110,-11,2.88,3.79,8.9,20,884570,1.89,4.35,9.49,411183,42883,2187,4414,985
Russia,Vimpelcom Beeline (KB Impuls),250/99,2/4,-95,-14,5.07,3.86,8.02,10.9,638820,1.64,4.64,6.05,765900,9554,31614,2377,1596
Poland,P4 Play,260/06,2/4,-80,-10,0.9,1.9,8.79,13.8,195231,4.63,3.9,1.33,758848,29539,43156,3698,2882
Germany,E-Plus,262/03,2/4,-67,-14,1.42,3.73,4.51,7.8,813223,0.82,4.02,7.17,365524,9394,35125,2306,2063
Germany,Telekom Deutschland (T-Mobile),262/01,2/4,-84,-16,3.48,5.48,2.86,8.8,988729,3.54,2.18,4.9,961470,7239,29417,1827,2049
Germany,Telefonica O2/viag,262/07,2/4,-82,-8,1.95,3.52,2.9,2.2,384827,0.93,0.27,1.79,465420,43675,16672,562,1743
Portugal,TMN,268/06,2/4,-71,-8,1.29,3.61,0.68,14.9,524820,0.69,4.85,9.37,131911,39950,5845,4509,2337
Turkey,AVEA (IS-TIM Aria),286/03,2/4,-90,-14,2.84,1.39,6.28,6.4,496822,1.15,4.81,1.52,909660,4366,47184,2869,1349
MACEDONIA,T-Mobile (Mobimak),294/01,2/4,-91,-11,5.03,3.8,7.07,2.1,851592,2.04,0.4,1.3,954068,26509,21608,4458,1772
Canada,Rogers Wireless,302/61,2/4,-83,-9,5.07,1.96,4.06,11.1,237689,3.84,4.58,1.45,821700,31754,26364,3660,1747
Canada,Rogers Wireless,302/22,2/4,-68,-7,4.44,3.25,11.14,3.9,469528,1.04,4.13,5.04,844700,35519,24259,145,1862
United States of America ,AT&T,310/41,2/4,-88,-15,4.21,1.68,8.41,19.3,772699,5.11,5.1,7.9,109482,26994,11252,1257,1413
United States of America ,T-Mobile,310/26,2/4,-89,-10,4.2,0.17,1,15.7,967540,2.7,3.16,2.56,699138,7753,24922,4509,1282
United States of America ,Southern Communications dba Southern LINC,310/15,2/4,-66,-14,1.41,2.08,2.88,11.3,663798,2.81,4.22,2.98,261415,5278,41059,2266,434
Unted States,Verizon Wireless,311/48,2/4,-77,-6,3.23,5.34,5.33,3.7,456540,4.01,3.17,7.1,970812,9960,39746,3065,1204
India,Airtel (Kolkata),404/31,2/4,-66,-13,1.54,4.77,1.55,2.3,888094,4.73,4.61,8.72,293136,12847,14083,3477,2366
India,Airtel (Andhra Pradesh),404/49,2/4,-111,-9,0.97,1.43,0.94,0.7,416808,3.17,3.57,0.44,327578,24935,46354,3801,512
India,Airtel (Mumbai),404/92,2/4,-63,-12,0.11,3.63,5.63,14.6,232579,4.84,1.74,2.22,906067,27415,14543,1997,1780
India,Airtel (Kerala),404/95,2/4,-119,-14,2.24,1.62,4.36,16,109523,2.17,0.28,6.52,946724,7755,41391,448,1542
India,AirTel (Chennai),404/03,2/4,-68,-9,1.35,3.98,5.82,8.2,307944,1.13,3.02,2.25,402764,8934,21347,1236,2402
India,Vodafone India (Mumbai) Hutchison Orange,404/20,2/4,-90,-9,2.59,4.97,3.77,6.1,400205,3.94,5.13,11.2,245017,7331,30445,718,1913
India,Airtel (Karnataka),404/45,2/4,-68,-6,1.34,1.79,6.24,11.1,735999,1.04,5.39,0.79,796563,18279,1029,3197,391
India,Airtel (Maharashtra & Goa),404/90,2/4,-63,-10,2.14,2.49,7.98,6.7,134319,1.09,2.83,4.33,666540,35717,48993,2922,600
India,India(404),404/94,2/4,-89,-16,0.73,2.8,2.25,18.8,552506,0.85,3.51,3.64,414523,40834,27657,382,1738
India,AirTel (Chennai),404/02,2/4,-102,-14,4.56,1.34,0.64,3.9,298636,4.72,2.09,1.09,944603,14829,26514,635,1569
India,Airtel (Uttar Pradesh W),404/97,2/4,-82,-16,4.02,1.48,3.56,17.9,128803,4.64,3.61,5.16,349106,24487,18612,2080,2830
India,Vodafone (New Delhi) Hutchision Essar,404/11,2/4,-100,-7,0.29,1.7,2.55,10.9,781395,3.4,5.35,3.34,830673,37563,29276,1243,1296
India,AirTel (Chennai),404/40,2/4,-112,-14,4.77,3.85,6.06,13.4,899462,2.46,5.05,9.61,304592,18405,16261,1339,2303
India,"Airtel (Rajasthan),Hexacom",404/70,2/4,-82,-11,0.48,1.06,7.04,11.7,628968,3.24,1.3,6.3,820017,24862,40395,1163,890
India,Airtel (Madhya Pradesh),404/93,2/4,-87,-10,3.1,1.63,0.52,0.9,526835,5.33,2.31,2.72,182330,14711,49827,2740,271
India,Airtel (Haryana),404/96,2/4,-106,-7,2.21,3.28,2.82,13.7,365108,5.4,2.26,6.54,781704,6102,30228,401,1330
India,Airtel (Delhi),404/10,2/4,-105,-16,1.98,4.78,1.86,14,883651,2.24,5.25,11.88,245746,47623,42643,4637,187
India(405),,405/52,2/4,-80,-11,3.04,4.87,8,16,456390,4.95,0.36,0.28,584074,10994,46722,4444,2202
India(405),"AirTel (Bharti-Televentures), Uttar Predesh East",405/54,2/4,-94,-13,2.47,0.62,3.9,12.3,867693,2.68,3.87,8.71,667526,48496,26962,4552,834
India(405),"AirTel (Bharti-Televentures), Orissa",405/53,2/4,-85,-11,2.12,3.7,7.57,14,384612,1.88,2.08,7.81,947707,18163,22661,3781,1206
Sri Lanka,Bharti Airtel,413/05,2/4,-97,-13,5.17,0.66,7.46,18.7,544431,2.79,3.87,7.72,764954,39357,30812,3168,101
Sri Lanka,Dialog Axiata (ex MTN),413/02,2/4,-91,-14,3.76,0.92,8.7,2.2,158861,0.91,4.15,4.94,244465,35265,28727,66,868
Myanmar,Telenor Myanmar (Comcel Myanmar),414/06,2/4,-74,-9,0.57,0.93,1.53,1.7,651341,3.42,5.02,9.8,597363,49352,16618,1945,2888
Myanmar,Ooredoo Myanmar,414/05,2/4,-95,-9,1.41,1.12,7.97,11.6,497694,4.42,4,3.27,609888,30005,23986,4290,1634
Myanmar,Myanmar Post and Telecommunication,414/01,2/4,-114,-10,4.51,4.83,9.55,14.6,406798,1.17,5.22,2.18,710575,12471,20984,2911,1350
Saudi Arabia,Mobily,420/03,2/4,-77,-8,0.3,0.83,5.99,8.5,327235,1.92,3.05,2.71,540064,5119,16325,603,1045
Saudi Arabia,Saudi Telecom Company,420/01,2/4,-77,-16,5.49,0.62,10.93,1.5,946227,2.18,1.94,2.03,595132,15645,3827,3418,2735
United Arab Emirates,Etisalat(UAE),424/02,2/4,-103,-9,0.13,0.33,4.75,11,501716,0.41,1.97,5.45,354673,38985,17762,704,2473
Bahrain,Batelco,426/01,2/4,-101,-10,1.89,0.17,3.47,1.4,379032,4.36,1.01,11.91,786484,7647,45756,3651,1425
Qatar,Q-Tel,427/01,2/4,-74,-10,3.2,0.98,7.46,16.7,844141,4.77,3.43,9.16,372826,27133,15959,3866,347
Japan,NTT Docomo,440/10,2/4,-107,-6,1.01,4.99,5.24,19.9,667026,5.38,4.57,2.94,727355,39825,24139,4650,2476
Japan,Soft Bank (Vodafone KK),440/20,2/4,-111,-12,4.26,0.16,4.43,15.2,569150,3.01,1.92,6.82,510208,13952,20567,1918,169
South Korea,LGT Telcom,450/06,2/4,-110,-9,0.46,2.58,5.03,7.7,490840,1.69,4.35,11.71,409874,41264,14089,4244,5
South Korea,SK Telecom,450/05,2/4,-99,-9,0.48,1.36,4.82,19.1,270068,5.13,3.19,5.46,766958,2789,19908,2545,1537
Vietnam,Viettel,452/04,2/4,-117,-8,4.69,3.8,11.56,17.8,204040,5.37,2.51,1.08,878448,48598,44895,2776,1008
Vietnam,Vinaphone,452/02,2/4,-105,-6,5.4,0.42,5.75,9.8,804786,5.2,3.47,3.76,452862,44567,29025,3406,2131
Vietnam,Vietnam Mobile Telecom (VMS),452/01,2/4,-117,-8,1.36,0.38,7.61,9.4,539099,4,0.32,0.88,890586,5548,11611,169,2989
Hongkong,CSL (C&W),454/00,2/4,-81,-7,3.71,4.6,8.86,19.6,143923,4.01,1.66,9.88,687898,20698,12816,3549,1420
Hongkong,PCCW-HKT Telephone Limited,454/19,2/4,-75,-13,5.27,3.89,7.47,6.6,592946,4.89,3.3,3.65,151962,20681,44612,4127,2704
Hongkong,China Mobile - Peoples,454/12,2/4,-107,-11,3.37,2.19,6.71,15,903159,0.79,4.77,9.37,729647,42467,37372,2994,1533
Hongkong,H3G(HONG KONG),454/03,2/4,-74,-15,5.14,0.18,4.74,13.3,339779,3.16,1.61,10.59,877868,29186,41889,4885,900
Macao,Hutchison 3,455/03,2/4,-113,-15,5.08,2.37,0.24,16.5,316772,4.06,0.18,6.94,232225,49453,11691,4218,634
Macao,CTM,455/01,2/4,-103,-7,2.81,5.2,8.14,19.5,220794,1.18,3.64,11.47,696965,36143,35778,2873,545
CAMBODIA,CamGSM Mobitel,456/01,2/4,-63,-11,0.42,4.48,9.32,1.1,910684,2.64,2.39,11.03,173529,21803,19565,3925,2533
CAMBODIA,Viettel,456/08,2/4,-78,-8,5.03,2.51,9.46,16.8,490357,1.36,0.66,9.09,580798,34511,43051,4360,2894
CAMBODIA,Latelz Co. Ltd,456/06,2/4,-100,-14,1.36,3.42,4.51,17.3,355786,5.48,0.86,3.52,574040,21370,37246,4428,12
China,China Mobile,460/00,2/4,-105,-11,3.73,3.2,11.64,5.3,307946,2.97,1.29,6.67,855816,5177,45196,4447,508
China,China Mobile,460/07,2/4,-117,-15,4.55,2.01,10.09,11.9,355798,2.06,3.77,5.61,113866,49497,37604,903,1450
China,China Mobile,460/02,2/4,-64,-15,4,2.75,11.08,13.3,922910,3.5,0.54,4.86,131333,18607,2507,312,818
China,China Unicom,460/01,2/4,-69,-13,0.43,4.14,5.27,5.5,931010,0.91,4.59,10.81,317289,13799,14784,1095,1272
Taiwan,Taiwan Mobile (ex TCC),466/97,2/4,-64,-7,5.11,2.27,11.95,13.4,372887,4.35,4.39,9.06,586957,26996,17522,2949,650
Taiwan,Chunghwa Telecom,466/92,2/4,-109,-14,1.26,3.54,10.24,15.9,598541,3.98,3.09,1.47,471346,27826,23009,3150,1746
Taiwan,Fareastone,466/01,2/4,-107,-9,1.13,4.64,9.11,6.8,347493,2.37,1.93,10.02,302241,9640,38588,2748,606
Malaysia,Maxis,502/12,2/4,-90,-7,4.01,0.4,11.32,14,505575,2.59,2.14,2.81,424248,8304,12051,1265,695
Malaysia,Celcom,502/19,2/4,-95,-11,4.44,5.45,8.85,10.4,270557,3.52,0.86,1.93,572006,19530,37310,301,1607
Malaysia,U Mobile Sdn Bhd,502/18,2/4,-102,-8,1.36,1.75,6.5,5.2,639572,0.13,3.59,3.48,680290,49808,14112,3703,1462
Malaysia,DiGi  Telecommunication,502/16,2/4,-74,-15,4.57,5.13,7.34,15.1,306800,2.96,1.06,0.56,874900,21369,5093,3720,2903
Australia,Optus,505/02,2/4,-72,-12,2.21,1.8,5.87,15.3,698688,3.6,1.96,0.75,996666,37664,47949,3378,2139
Australia,Telstra,505/01,2/4,-87,-10,4.92,1.98,0.63,15.8,306817,2.38,0.69,1.58,589080,4092,2996,382,2405
Indonesia,Telkomsel,510/10,2/4,-84,-11,3.98,1.46,6.09,11.1,245497,1.02,2.12,1.92,631930,46171,12372,3454,676
Indonesia,Hutchison,510/89,2/4,-66,-10,3.14,3.28,1.42,2.5,803655,0.46,2.2,7.17,392029,28686,40674,1007,2443
Indonesia,Excelcom Indo,510/11,2/4,-81,-13,4.26,1.07,1.85,17.6,275341,4.5,0.16,1.1,556444,40193,14744,447,2323
Philippines,Globetel,515/02,2/4,-110,-6,1.38,4.11,6.11,16.2,833813,2.89,1.87,5.37,802815,15657,27790,4341,596
Philippines,Digitel (Sun Cellular),515/05,2/4,-83,-16,2.6,1.81,0.15,4.5,815524,2.41,4.31,8.51,697648,10742,40102,1986,1999
Thailand,Advanced Wireless Network Company Ltd.,520/03,2/4,-82,-10,1.03,0.15,10.66,15.7,118440,4.39,0.32,1.71,102683,41578,36026,2904,2609
Thailand,True Move  HSPA,520/00,2/4,-120,-11,3.09,4.4,11.27,10.4,198722,2.99,0.82,4.99,279022,42290,39295,2110,1688
Thailand,Total Access (DTAC),520/05,2/4,-62,-12,2.29,0.05,10.26,2.6,836206,2.74,2.03,0.85,978625,49422,20394,1507,358
Singapore,Starhub,525/05,2/4,-77,-9,4.92,4.97,2.65,8.1,598034,2.72,0.32,5.22,219353,9304,12393,4887,2909
Singapore,Mobile One,525/03,2/4,-98,-10,3.28,0.18,6.54,9.5,461284,1.77,2.32,8.64,299561,48595,11829,1072,336
Brunei,B-Mobile,528/02,2/4,-79,-6,4.61,0.94,4.26,4.2,746761,1.75,1.81,9.71,430272,31602,19432,2731,1178
Brunei,DST,528/11,2/4,-73,-6,0.58,1.52,3.86,9,813853,1.21,3.81,10.38,815196,6106,21318,723,2889
New Zealand,Telecom New Zealand,530/05,2/4,-89,-13,3.03,4.51,5,13.3,350199,2.48,4.68,2.32,688501,29858,24619,4864,2896
New Zealand,Vodafone(NEW ZEALAND),530/01,2/4,-108,-14,4.76,0.73,1.64,2.3,175863,1.32,4.57,2.62,128416,23085,18225,52,383
New Zealand,Two Degrees (NZ Communications),530/24,2/4,-62,-13,2.21,5.39,7.01,4.1,287736,1.47,2.73,6.92,170999,12318,37299,1853,1048
Morocco,Itissalat Al Maghrib (Mobile GSM),604/01,2/4,-65,-12,3.23,2.74,11.88,6.3,193775,3.72,5.41,1.73,171456,48902,43195,4458,2180
,,,,,,,,,,,,,,,,,,
,,,,,,,,,,,,,,,,,,
Netherlands,Vodafone(NETHERLANDS),204/04,2/5,-64,-15,0.42,5.17,4.65,10.1,262857,1.64,2.49,3.01,539599,15879,8700,3422,1509
Netherlands,T-mobile (ex Ben),204/16,2/5,-79,-7,4.95,2.18,6.03,1.4,356628,1.1,5.25,6.96,249510,46796,43242,3438,286
Netherlands,KPN (iBasis),204/08,2/5,-118,-11,3.22,5.18,8.46,3.6,492553,2.89,4.37,11.96,479965,9008,20866,1183,2540
Belgium,Belgacom Mobile,206/01,2/5,-102,-10,0.66,1.86,9.71,16.1,368935,4.35,4.79,4.64,752619,9988,13465,3464,818
France,Bouygues,208/20,2/5,-86,-12,3.62,1.54,2.76,15.4,243165,0.11,5.24,4.72,974488,29465,2929,1856,2004
France,Free Mobile,208/15,2/5,-117,-9,5.38,0.65,5.63,11.5,311925,1.54,3.3,5.08,557632,38321,38214,2418,2284
France,SFR (Cegetel),208/10,2/5,-66,-13,0.88,1.6,1.46,1.3,361488,2.74,1.35,3.1,261797,21818,30373,129,2942
Andorra,Mobiland/STA,213/03,2/5,-102,-7,3.82,1.17,7.42,1.2,969732,0.87,2.76,1.63,447826,36482,40434,1766,863
Spain,Telefonica Moviles(SPAIN),214/07,2/5,-115,-15,1.56,5.1,7.41,6.5,223378,3.18,3.73,10.57,114245,37868,12664,1850,139
Spain,Vodafone (AirTel),214/01,2/5,-106,-9,5.48,5.5,11.01,18.8,207553,3.53,0.8,8.39,365380,6773,14784,2969,1119
Italy,TIM (Telecom Italia),222/01,2/5,-118,-13,2.18,2.87,7.63,3.9,383273,0.08,2.62,10.4,769136,24425,23129,1672,2047
Italy,H3G(ITALY),222/99,2/5,-70,-7,2.56,5.39,1.79,2.4,850981,0.16,0.51,10.31,844639,14144,4567,3796,915
Italy,Vodafone Omnitel,222/10,2/5,-104,-12,4.05,4.46,5.73,5.7,160806,4.13,2.44,11.48,538088,3126,26395,3970,922
Switzerland,Swisscom,228/01,2/5,-116,-13,3.89,3.16,3.9,17.4,898644,2.33,4.12,8.95,350150,31568,36121,3324,2966
Switzerland,Sunrise DiAx,228/02,2/5,-113,-7,1.08,4.01,7.16,2.2,272192,1.23,1.01,1.61,309999,30460,13812,3543,1927
United Kingdom,Everything Everywhere,234/30,2/5,-82,-9,1.21,2.83,9.99,12.9,752110,1.13,1.92,9.6,361208,8909,22131,3422,1290
United Kingdom,Telefonica O2 (CellNet),234/10,2/5,-73,-8,0.63,0.24,10.67,2.9,784890,5.4,4.51,9.28,380237,10197,7458,3770,1593
United Kingdom,Jersey Telecom (JT-Wave),234/50,2/5,-95,-7,4.52,5.45,9.81,4.5,999219,4.63,4.85,8.21,186461,49437,37712,4759,1351
United Kingdom,Everything Everywhere (ex-Orange),234/33,2/5,-79,-6,4.21,2.6,8.51,7.6,569059,5.03,0.16,10.62,180105,8757,3192,3799,874
Sweden,Tele2 - Comviq,240/07,2/5,-73,-12,4.46,4.51,10.72,3,483831,1.19,1.75,3.62,898449,40306,44319,1688,123
Sweden,"Telenor (Vodafone,Europolitn)",240/08,2/5,-115,-13,1.04,2.79,8.44,5.5,457445,3.25,4.97,9.37,873444,18705,18992,1615,279
Norway,NetCom TeliaSonera,242/02,2/5,-100,-6,5.09,2.25,9.47,18.8,533433,4.64,0.4,3.55,188492,29517,4135,4017,2835
Estonia,EMT,248/01,2/5,-99,-9,3.5,3.01,1.08,14.2,312515,4.64,4.26,3.16,739447,33018,44779,4821,2257
Russia,Vimpelcom Beeline (KB Impuls),250/99,2/5,-93,-15,0.18,0.46,5.59,16,626682,2.33,0.12,8.85,597951,36060,39951,803,2482
Poland,P4 Play,260/06,2/5,-70,-6,0.39,1.01,6.97,16.7,913837,3.25,3.15,1.36,140736,19183,17855,3199,1806
Germany,E-Plus,262/03,2/5,-113,-14,0.62,3.02,7.73,4.6,277384,2.17,0.19,8.22,247616,41270,8260,2232,663
Germany,Telekom Deutschland (T-Mobile),262/01,2/5,-115,-9,3.76,5.26,2.05,16.6,884883,0.49,3.76,3.01,378391,21041,6382,401,416
Germany,Telefonica O2/viag,262/07,2/5,-85,-9,2.46,2.92,1.82,15.8,165892,2.13,2.79,7.89,712375,30837,16140,3054,468
Portugal,TMN,268/06,2/5,-81,-6,1.18,1.58,2.55,19,115641,2.84,2.47,6.28,565376,11180,40113,2888,2079
Turkey,AVEA (IS-TIM Aria),286/03,2/5,-100,-16,0.22,2.21,1.55,12,861486,5.26,0.6,9.66,674468,43190,13108,3183,2964
MACEDONIA,T-Mobile (Mobimak),294/01,2/5,-116,-9,4.01,4.89,5.52,13.4,987019,0.79,1.41,7.67,921260,8493,15346,375,627
Canada,Rogers Wireless,302/61,2/5,-102,-16,2.49,1.62,10.87,14.8,836453,5.3,1.53,7.58,832368,24315,16920,2101,2497
Canada,Rogers Wireless,302/22,2/5,-112,-12,2.96,0.23,2.62,8.9,523726,2.78,4.61,4.7,958116,17261,41859,4915,335
United States of America ,AT&T,310/41,2/5,-101,-9,2.95,3.51,2.8,3.6,668329,2.9,0.77,5.7,617959,20138,23628,563,2378
United States of America ,T-Mobile,310/26,2/5,-117,-7,3.86,2.12,11.47,8.6,925292,4.36,1.49,10.37,479502,1714,18617,4178,1804
United States of America ,Southern Communications dba Southern LINC,310/15,2/5,-101,-11,0.84,2.31,4.98,10.4,307020,0.49,2.39,0.6,306139,37494,10676,2149,2680
Unted States,Verizon Wireless,311/48,2/5,-112,-12,1.91,1.24,2.85,2.7,742098,1.58,5.06,6.18,863480,36723,8550,481,2613
India,Airtel (Kolkata),404/31,2/5,-94,-12,4.13,2.53,11.05,15.9,774178,0.69,1,3.49,138055,42978,46797,1787,1040
India,Airtel (Andhra Pradesh),404/49,2/5,-72,-11,4.39,4.09,7.89,19.9,598381,2.54,1.83,4.18,151274,34226,30107,4886,2352
India,Airtel (Mumbai),404/92,2/5,-89,-15,4.92,1.95,4.5,6.1,463985,3.82,5.48,6.21,512481,42371,26440,3970,838
India,Airtel (Kerala),404/95,2/5,-114,-7,3.38,3.22,11.03,3,498918,4.86,0.69,8.05,493028,35174,4908,3663,1519
India,AirTel (Chennai),404/03,2/5,-97,-7,5.48,1.04,4.23,0.7,485096,1.22,1.54,11.28,861087,23796,4446,801,178
India,Vodafone India (Mumbai) Hutchison Orange,404/20,2/5,-105,-11,3.63,0.16,0.72,19.5,479965,3.3,3.41,11.52,487251,41303,4904,204,1658
India,Airtel (Karnataka),404/45,2/5,-64,-16,1.61,2.94,2.43,7.9,849756,2.7,3.38,6.93,286556,19501,8230,1470,2720
India,Airtel (Maharashtra & Goa),404/90,2/5,-109,-8,0.42,0.67,4.79,6,498227,4.15,4.15,5.88,905694,36199,21996,4220,721
India,India(404),404/94,2/5,-65,-8,3.53,3.67,7.71,18.8,286491,0.62,0.17,1.77,950659,8078,25991,2361,2894
India,AirTel (Chennai),404/02,2/5,-85,-13,4.66,0.38,5.23,6.8,691115,3.72,4.42,2.88,437748,42494,20161,3562,468
India,Airtel (Uttar Pradesh W),404/97,2/5,-74,-12,3.6,4.66,1.28,7.1,539098,3.2,1.1,5.7,630888,22209,15752,4413,734
India,Vodafone (New Delhi) Hutchision Essar,404/11,2/5,-103,-9,4.4,0.34,11.21,9.2,927421,4.09,2.91,10.98,851163,38380,38515,593,2488
India,AirTel (Chennai),404/40,2/5,-69,-7,3.2,4.21,6.17,10.5,613388,5.17,2.7,7.85,447894,24013,11920,3606,2861
India,"Airtel (Rajasthan),Hexacom",404/70,2/5,-76,-6,2.1,0.44,7.69,9.8,346951,4.23,4.17,4.48,206258,14090,29030,4299,2539
India,Airtel (Madhya Pradesh),404/93,2/5,-87,-16,3.53,1.66,9.47,8.1,814098,4.13,4.87,4.09,853910,12845,24412,3334,1422
India,Airtel (Haryana),404/96,2/5,-81,-13,4.59,1.19,11.83,19.8,661449,2.62,4.9,3.43,487590,27578,44666,2052,2550
India,Airtel (Delhi),404/10,2/5,-76,-7,2.59,5.5,4.38,4.7,420865,3.18,0.3,8.73,527079,35674,8705,4395,1645
India(405),,405/52,2/5,-100,-6,2.69,4.81,5,7.6,424549,3.8,3.11,11.26,301454,30428,13949,3214,29
India(405),"AirTel (Bharti-Televentures), Uttar Predesh East",405/54,2/5,-106,-13,0.78,4.36,2.38,15,671033,2.95,2.84,11.53,271476,23199,34021,1082,1909
India(405),"AirTel (Bharti-Televentures), Orissa",405/53,2/5,-72,-12,5.12,3.88,6.49,7.8,100831,2.82,0.84,0.59,337493,33173,8223,3081,734
Sri Lanka,Bharti Airtel,413/05,2/5,-95,-11,3.61,4.11,6.13,7.4,467384,1.02,3.37,11.17,959525,13566,46913,250,434
Sri Lanka,Dialog Axiata (ex MTN),413/02,2/5,-113,-7,3.94,4.33,0.92,9.2,983897,4.96,3.55,5.19,955741,14817,37248,2124,865
Myanmar,Telenor Myanmar (Comcel Myanmar),414/06,2/5,-84,-9,1.6,2.07,5.05,10.8,789566,0.91,3.94,11.45,820275,32033,6637,4163,1370
Myanmar,Ooredoo Myanmar,414/05,2/5,-105,-16,3.41,0.45,6.58,15.6,386148,2.48,2.43,8.06,370679,5716,8900,2233,217
Myanmar,Myanmar Post and Telecommunication,414/01,2/5,-118,-11,1.41,4.12,7.6,10.4,500327,4.72,3.87,10.52,473769,4364,26723,227,519
Saudi Arabia,Mobily,420/03,2/5,-72,-8,0.06,0.1,11.3,0.9,764412,1.22,2.07,10.97,834580,47461,9753,536,1841
Saudi Arabia,Saudi Telecom Company,420/01,2/5,-101,-6,1.05,3.79,7.46,15.3,200813,2.64,0.88,5.36,266501,41693,46685,2651,2008
United Arab Emirates,Etisalat(UAE),424/02,2/5,-116,-12,0.83,5.45,2.89,16.9,208196,0.61,3.61,3.24,558975,12873,26733,3635,1607
Bahrain,Batelco,426/01,2/5,-118,-8,4.94,2.48,5.21,16.2,686813,3.7,0.54,9.88,859450,16295,7581,86,1439
Qatar,Q-Tel,427/01,2/5,-103,-10,1.89,3.86,11.79,14.5,289250,1.36,3.09,6.05,371278,42977,42325,258,1112
Japan,NTT Docomo,440/10,2/5,-71,-16,4.93,3.96,3.52,3.6,945544,0.12,1.15,5.74,722653,9143,27981,2422,2281
Japan,Soft Bank (Vodafone KK),440/20,2/5,-85,-16,1.66,1.9,2.09,17.5,991523,2.85,0.49,2.9,981122,33386,3457,1911,957
South Korea,LGT Telcom,450/06,2/5,-100,-9,1.07,1.09,9.82,4.3,982887,2.82,2.68,10.87,673695,47698,33406,527,2674
South Korea,SK Telecom,450/05,2/5,-92,-6,1.91,2.1,10.38,6.9,446795,3.46,4.42,9.78,919349,13581,9733,955,579
Vietnam,Viettel,452/04,2/5,-76,-7,0.42,2.94,9.16,11.6,888462,4.87,0.41,4.36,565404,34966,13578,697,1037
Vietnam,Vinaphone,452/02,2/5,-118,-12,5,3.35,2.57,10.7,155454,3.96,2.72,0.92,768304,14963,6722,218,408
Vietnam,Vietnam Mobile Telecom (VMS),452/01,2/5,-114,-11,0.85,2.39,0.34,17.4,604382,3.28,3.45,8.02,885870,23937,8770,1307,2190
Hongkong,CSL (C&W),454/00,2/5,-115,-8,0.42,4.88,3.86,12.4,586065,2.08,3.4,9.34,796563,48415,38005,4537,348
Hongkong,PCCW-HKT Telephone Limited,454/19,2/5,-108,-13,5.22,2.09,7.86,4.5,858920,5.39,0.6,10.16,967657,11484,41052,4824,1517
Hongkong,China Mobile - Peoples,454/12,2/5,-114,-6,4,5.19,3.09,9.3,179877,1.74,4.77,8.49,810418,41407,14128,1149,293
Hongkong,H3G(HONG KONG),454/03,2/5,-111,-8,0.29,2.01,10.33,10.7,117284,4.21,3.26,8.21,491018,41494,30778,2086,928
Macao,Hutchison 3,455/03,2/5,-82,-16,0.27,3.86,8.82,14.6,207810,1.03,5.21,11.23,907065,20601,42914,2954,980
Macao,CTM,455/01,2/5,-98,-11,5.39,5.41,1.93,1.9,449536,4.78,1.75,3.67,354204,28002,11461,2364,1946
CAMBODIA,CamGSM Mobitel,456/01,2/5,-78,-11,2.04,2.47,8.09,4.3,869657,1.16,1.8,8.18,629692,23664,29328,4454,1888
CAMBODIA,Viettel,456/08,2/5,-109,-7,5.06,1.83,9.82,5.5,973885,1.73,3.23,9.72,881342,35347,45377,2303,2708
CAMBODIA,Latelz Co. Ltd,456/06,2/5,-94,-14,2.74,1.09,5.6,19.6,761010,3.86,2.28,0.7,794766,37139,39534,763,1768
China,China Mobile,460/00,2/5,-106,-14,2.83,4.81,6.13,17.8,425154,0.67,3.56,5.2,773969,27019,32115,4422,1758
China,China Mobile,460/07,2/5,-78,-7,5.36,0.17,1.58,8.7,447578,5.03,3.9,4.08,313373,30567,38069,2277,2040
China,China Mobile,460/02,2/5,-86,-11,5.25,2.23,0.92,14.2,579819,1.37,5.24,9.68,585586,30404,8730,4556,74
China,China Unicom,460/01,2/5,-88,-14,2.9,4.95,1.33,11.2,269771,4,4.7,4.32,165684,2822,21646,2144,1401
Taiwan,Taiwan Mobile (ex TCC),466/97,2/5,-106,-8,4.97,0.8,5.28,1,284617,0.63,4.18,11,811934,1593,20476,386,2785
Taiwan,Chunghwa Telecom,466/92,2/5,-68,-14,5.08,2.77,10.59,13.9,270723,4.87,1.83,0.14,884608,46052,40246,1786,2589
Taiwan,Fareastone,466/01,2/5,-72,-12,3.74,2.76,1.88,11.9,393158,2.23,3.77,8.77,166270,37475,48550,3255,499
Malaysia,Maxis,502/12,2/5,-78,-12,1.49,4.6,11.16,13.6,389279,0.67,4.3,1.93,258863,26259,26250,967,2155
Malaysia,Celcom,502/19,2/5,-71,-8,4.04,1.88,0.19,5.3,121097,2.32,4.33,5.44,444017,3066,20183,4926,879
Malaysia,U Mobile Sdn Bhd,502/18,2/5,-69,-13,5.43,0.46,6.63,6.6,941288,5.24,3.58,2.64,836573,8682,46501,2542,1858
Malaysia,DiGi  Telecommunication,502/16,2/5,-88,-13,4.89,3.88,3.98,14.2,881137,5.4,2.26,7.94,260737,18456,18038,2380,1214
Australia,Optus,505/02,2/5,-115,-7,4.39,0.78,11.69,6.4,602518,4.88,4.67,3.76,188729,36132,7799,4425,2330
Australia,Telstra,505/01,2/5,-101,-6,4.74,4.05,2.88,16.2,525479,0.44,0.36,11.23,478228,37658,15722,1957,2053
Indonesia,Telkomsel,510/10,2/5,-89,-7,2.66,0.62,9.74,5.9,291983,2.33,2.25,11.55,306746,17190,10161,4771,2434
Indonesia,Hutchison,510/89,2/5,-89,-9,2.52,4.56,8.94,19.1,219886,1.73,3.41,5.83,217217,24850,34968,77,1962
Indonesia,Excelcom Indo,510/11,2/5,-110,-8,3.3,2.55,10.76,4.6,673157,3.65,0.96,5.29,790509,25293,14843,2978,291
Philippines,Globetel,515/02,2/5,-110,-11,4.83,2.66,11.06,16,928753,3.07,2.97,9.27,558486,31823,29554,2969,392
Philippines,Digitel (Sun Cellular),515/05,2/5,-63,-10,4.76,1.05,5.17,19.7,634162,4.19,1.86,4.5,520335,49761,17490,4106,1219
Thailand,Advanced Wireless Network Company Ltd.,520/03,2/5,-71,-16,1.27,3.36,11.64,14.6,424548,3.37,2.01,0.96,502636,47886,25240,3850,2167
Thailand,True Move  HSPA,520/00,2/5,-113,-9,4.82,5.29,6.28,8.8,561132,5.16,3.93,5.57,852319,10282,41302,334,436
Thailand,Total Access (DTAC),520/05,2/5,-103,-16,5.05,0.06,8.16,6.1,566179,1.59,5.22,1.85,583738,26034,8192,2508,2684
Singapore,Starhub,525/05,2/5,-100,-6,0.78,2.62,9.41,15,684014,4.83,2.99,9.77,323829,14212,39085,1627,1729
Singapore,Mobile One,525/03,2/5,-85,-11,4.16,4.24,3.08,15.7,744704,5.02,4.15,4.2,707344,19355,13745,3656,2403
Brunei,B-Mobile,528/02,2/5,-88,-6,3.75,1.14,10.77,14.2,158967,0.65,5.3,1.76,162769,30065,46633,11,1795
Brunei,DST,528/11,2/5,-70,-9,1.68,1.59,8.54,1.6,156671,3.06,3.35,0.59,322058,19642,32969,591,280
New Zealand,Telecom New Zealand,530/05,2/5,-74,-7,2.68,1.17,5.86,14.6,715754,2.76,5.25,1.12,463809,47782,6757,4878,1165
New Zealand,Vodafone(NEW ZEALAND),530/01,2/5,-101,-12,0.18,0.45,3.53,19.3,820262,2.83,0.76,9.72,913826,26776,2377,966,475
New Zealand,Two Degrees (NZ Communications),530/24,2/5,-71,-9,5.43,3.11,7.73,18.2,212572,0.61,2.54,4.89,743042,25519,1203,2291,2435
Morocco,Itissalat Al Maghrib (Mobile GSM),604/01,2/5,-98,-7,5.15,0.14,1.46,17,162312,3.43,5.08,2.15,920948,21035,32006,477,2205
,,,,,,,,,,,,,,,,,,
,,,,,,,,,,,,,,,,,,
Netherlands,Vodafone(NETHERLANDS),204/04,2/6,-79,-12,4.3,4.04,3.08,12,115781,4.05,1.06,10.36,217831,35482,31114,2170,516
Netherlands,T-mobile (ex Ben),204/16,2/6,-71,-9,1.11,4.56,2.52,6.5,472785,3.53,4.34,1.55,834552,3180,47582,515,2230
Netherlands,KPN (iBasis),204/08,2/6,-86,-10,2.92,1.25,6.63,9,518840,0.37,3.66,7.83,938912,34649,35754,2201,2603
Belgium,Belgacom Mobile,206/01,2/6,-101,-11,3.77,2.57,4.86,6.9,141635,0.76,4.05,9.97,568671,32991,5977,3246,2057
France,Bouygues,208/20,2/6,-109,-15,5.39,4.5,0.11,14.4,795361,2.51,5.33,8.42,633328,42765,27140,3039,1598
France,Free Mobile,208/15,2/6,-87,-6,5.05,3.19,6.36,17.4,443502,1.52,2.87,8.98,324504,48615,2976,3853,1372
France,SFR (Cegetel),208/10,2/6,-95,-13,3.37,1.69,8.38,12,960546,2.61,0.96,8,294542,44882,39751,1486,743
Andorra,Mobiland/STA,213/03,2/6,-106,-9,4.41,3.52,4.29,9.2,356697,2.02,1.49,2.76,819839,26699,33439,571,2879
Spain,Telefonica Moviles(SPAIN),214/07,2/6,-86,-14,5.49,4.35,3.23,16.5,279744,5.44,4.21,2.24,565263,43002,32110,1716,1745
Spain,Vodafone (AirTel),214/01,2/6,-113,-16,3.8,3.23,3.83,9.4,929576,0.06,4.94,11.63,976681,7371,12440,3106,1632
Italy,TIM (Telecom Italia),222/01,2/6,-95,-11,0.47,3.42,10.99,3.8,389291,1.79,1.74,10.73,846306,30349,37894,4342,1862
Italy,H3G(ITALY),222/99,2/6,-107,-9,3.81,3.4,4.21,20,924493,0.09,4.19,10.51,271449,38792,33062,4824,1782
Italy,Vodafone Omnitel,222/10,2/6,-120,-12,1.66,0.42,1.6,3,290853,2.5,3.81,8.18,691402,13627,40586,1539,1340
Switzerland,Swisscom,228/01,2/6,-95,-7,3.64,1.58,1.67,10.7,108290,4.6,0.3,5.98,483592,35924,8241,3043,510
Switzerland,Sunrise DiAx,228/02,2/6,-66,-8,0.29,0.83,11.71,0.6,745369,5.23,0.39,9.66,368172,37372,46062,1986,2991
United Kingdom,Everything Everywhere,234/30,2/6,-111,-12,2.31,4.27,11.73,11.8,189826,1.4,4.8,3.91,795504,16552,33470,4325,308
United Kingdom,Telefonica O2 (CellNet),234/10,2/6,-61,-13,2.2,4.59,10.64,15.2,672091,2.38,1.5,5.73,847904,22606,3455,4484,1963
United Kingdom,Jersey Telecom (JT-Wave),234/50,2/6,-116,-9,0.15,5.11,9.17,3.5,325769,4.42,0.49,10.68,265465,25194,47938,2299,1302
United Kingdom,Everything Everywhere (ex-Orange),234/33,2/6,-102,-7,3.77,4.53,2.77,16.4,769716,3.94,2.84,4.48,181337,27025,47453,1370,330
Sweden,Tele2 - Comviq,240/07,2/6,-82,-9,0.53,5.49,6.59,8.6,793846,5.19,0.26,6.39,479274,48040,12119,3197,2687
Sweden,"Telenor (Vodafone,Europolitn)",240/08,2/6,-106,-16,0.69,2.96,6.14,7.4,799122,2.87,3.44,10.25,595390,2467,23105,1477,467
Norway,NetCom TeliaSonera,242/02,2/6,-94,-11,3.78,3.9,11.72,12.8,993103,0.31,3.34,5,606680,2934,9568,2148,2183
Estonia,EMT,248/01,2/6,-100,-8,4.08,4.33,3.05,0.9,978489,4.68,4.47,2,301345,40416,18829,1687,1391
Russia,Vimpelcom Beeline (KB Impuls),250/99,2/6,-104,-12,2.96,2.43,2.86,3.9,570747,2.86,4.9,6,819963,15347,21801,1473,2776
Poland,P4 Play,260/06,2/6,-97,-14,4.19,1.55,9.12,14.4,904065,2.65,1.31,3.37,187608,30127,29738,2410,528
Germany,E-Plus,262/03,2/6,-115,-9,3.53,0.06,7.34,13.2,173640,2.16,1.89,3.62,661070,29433,35497,4680,2821
Germany,Telekom Deutschland (T-Mobile),262/01,2/6,-73,-13,2.45,5.41,9.9,3.7,712981,0.46,3.81,11.99,735175,7570,28303,1275,1742
Germany,Telefonica O2/viag,262/07,2/6,-69,-11,0.67,0.95,1.78,17.1,898236,0.5,2.92,8.71,450564,46911,1642,1810,1393
Portugal,TMN,268/06,2/6,-107,-9,4.57,4.61,3.3,13,807162,3.5,3,4.89,695646,2713,2203,1087,2353
Turkey,AVEA (IS-TIM Aria),286/03,2/6,-66,-8,0.71,5.15,5.84,14,438114,3.1,3.71,2.07,770620,27612,12915,1150,1567
MACEDONIA,T-Mobile (Mobimak),294/01,2/6,-102,-12,5.1,3.69,10.49,3.1,307821,1.96,0.59,5.64,238810,1798,6281,4119,758
Canada,Rogers Wireless,302/61,2/6,-96,-6,3.3,3.63,9.52,12,448421,4.52,2.08,1.44,265469,21280,34674,3644,535
Canada,Rogers Wireless,302/22,2/6,-61,-13,3.93,2.91,0.67,15.8,642743,3.57,3.68,10.6,551317,23719,43352,2052,2939
United States of America ,AT&T,310/41,2/6,-82,-8,2.27,4.03,6.5,18.3,675315,2.97,2.43,3.02,755971,22518,34132,1599,2327
United States of America ,T-Mobile,310/26,2/6,-103,-12,4.6,3.86,11.38,2.4,991101,1.96,0.59,3.33,352082,48543,30720,4086,992
United States of America ,Southern Communications dba Southern LINC,310/15,2/6,-82,-6,1.48,0.33,4.13,14.5,508077,1.96,2.1,5.76,251292,1912,3360,1470,1323
Unted States,Verizon Wireless,311/48,2/6,-71,-11,2.83,3.02,9.03,13.7,865531,2.41,0.13,1.07,372655,49071,13081,4061,2767
India,Airtel (Kolkata),404/31,2/6,-86,-13,2.25,3.04,2.61,12.1,737013,4.62,2.7,8.5,445341,16233,23402,2910,130
India,Airtel (Andhra Pradesh),404/49,2/6,-60,-7,1.42,1.22,0.86,16.9,620135,2.85,3.51,9.36,291373,7229,6966,4802,763
India,Airtel (Mumbai),404/92,2/6,-107,-8,2.93,3.02,7.66,4.3,682678,1.53,3.12,2.48,863785,22831,30481,2048,1873
India,Airtel (Kerala),404/95,2/6,-116,-12,4.58,4.82,6.66,10.4,775158,1.18,1.64,1.62,184453,39255,46694,1435,921
India,AirTel (Chennai),404/03,2/6,-86,-7,4.13,1.35,6.61,0.6,241099,4.87,3.13,10.91,372953,49866,11597,427,1104
India,Vodafone India (Mumbai) Hutchison Orange,404/20,2/6,-60,-7,2.42,4.51,10.43,15.4,401950,4.79,2.93,6.8,996440,21932,23882,3716,2355
India,Airtel (Karnataka),404/45,2/6,-114,-9,0.91,3.19,10.33,5.1,454586,5.43,2.06,11.33,584030,7612,21885,3199,2028
India,Airtel (Maharashtra & Goa),404/90,2/6,-71,-16,4.86,2.62,10.74,16.3,195281,4.47,2.65,9.07,855373,15536,34478,3511,616
India,India(404),404/94,2/6,-63,-15,4.53,5.14,3.02,4.6,100251,4.52,3.84,1.58,380103,6821,2412,4999,612
India,AirTel (Chennai),404/02,2/6,-70,-11,0.7,3.44,1.6,1.4,684671,3.52,3.9,5.71,447800,10949,39309,3438,667
India,Airtel (Uttar Pradesh W),404/97,2/6,-114,-7,2.88,2.61,9.24,4.5,640456,3.57,0.63,6.3,243199,38009,34639,594,1872
India,Vodafone (New Delhi) Hutchision Essar,404/11,2/6,-81,-8,3.56,0.79,3.26,15.9,458806,4.21,4.67,11.14,534220,32622,49327,941,725
India,AirTel (Chennai),404/40,2/6,-88,-6,0.8,2.48,5.77,19.5,640615,0.49,2.94,11.83,859967,16764,26481,4833,2364
India,"Airtel (Rajasthan),Hexacom",404/70,2/6,-67,-11,2.94,1.62,11.55,17.5,807401,2.49,0.91,6.59,299273,41560,49684,3330,2443
India,Airtel (Madhya Pradesh),404/93,2/6,-92,-15,1.77,3.6,7.03,7.8,371070,1.16,0.25,5.6,372638,4770,16380,4871,2797
India,Airtel (Haryana),404/96,2/6,-82,-13,0.93,4,11.25,13.1,787780,0.1,4.09,9.74,684622,8406,25087,1322,1132
India,Airtel (Delhi),404/10,2/6,-112,-11,3.24,0.58,9.44,8,703220,0.38,4.62,7.88,896787,8803,22923,1637,63
India(405),,405/52,2/6,-102,-7,0.17,0.45,11.6,5.8,390206,3.85,1.46,8.29,244709,4985,30939,4247,1162
India(405),"AirTel (Bharti-Televentures), Uttar Predesh East",405/54,2/6,-68,-9,0.24,3.76,10.57,18.3,593434,4.11,0.25,5.51,512453,41918,23473,3337,1266
India(405),"AirTel (Bharti-Televentures), Orissa",405/53,2/6,-73,-7,0.95,5.13,5.72,12.6,507197,1.31,1.82,10.99,814674,27115,18900,2188,1104
Sri Lanka,Bharti Airtel,413/05,2/6,-76,-7,3.12,4.88,4.7,3.3,524650,0.59,0.82,7.37,336207,17676,45963,806,1635
Sri Lanka,Dialog Axiata (ex MTN),413/02,2/6,-116,-13,5.13,1.75,3.41,10.1,644766,3.07,3.91,3.32,555336,44404,3936,2440,2076
Myanmar,Telenor Myanmar (Comcel Myanmar),414/06,2/6,-101,-6,0.68,1.29,2.75,8.1,406920,0.76,4.73,1.02,448407,48703,11082,2956,2426
Myanmar,Ooredoo Myanmar,414/05,2/6,-87,-8,0.11,1.64,4.36,14.9,255019,2.7,4.36,2.4,558906,44417,8005,3188,1139
Myanmar,Myanmar Post and Telecommunication,414/01,2/6,-80,-13,4.29,2.43,4.16,7.4,513850,2.98,5.12,2.04,461222,12511,48409,1862,2702
Saudi Arabia,Mobily,420/03,2/6,-65,-12,3.35,4.08,7.21,9.6,700171,5.19,3.01,1.25,650636,31427,34606,2405,2298
Saudi Arabia,Saudi Telecom Company,420/01,2/6,-117,-15,2.24,5.25,10.82,16.7,272413,4.22,1.13,3.26,756654,11160,5994,3940,363
United Arab Emirates,Etisalat(UAE),424/02,2/6,-114,-13,2.19,3.38,7.99,8,454648,3.12,4.14,9.88,689411,13460,24733,3207,2704
Bahrain,Batelco,426/01,2/6,-61,-16,5.03,4.87,3.15,13.8,114159,1.23,1.41,1.22,949569,6648,1483,4571,260
Qatar,Q-Tel,427/01,2/6,-83,-11,1.52,1.05,9.18,18.8,489844,3.95,5.33,11.17,516091,13551,9230,1959,77
Japan,NTT Docomo,440/10,2/6,-64,-10,1.46,3.92,8.85,13.8,918369,4.58,2.09,10.6,854645,47783,17253,2241,2403
Japan,Soft Bank (Vodafone KK),440/20,2/6,-99,-7,2.73,2.14,0.69,18.7,341994,0.27,2.87,8.35,619024,8732,48312,3494,308
South Korea,LGT Telcom,450/06,2/6,-108,-7,5.26,3.17,5.6,2.7,461014,4.1,3.26,3.03,103507,43405,11222,4004,1793
South Korea,SK Telecom,450/05,2/6,-86,-6,3.22,3.45,0.1,19.3,596509,5.17,0.71,11.26,982013,48086,36238,4100,2661
Vietnam,Viettel,452/04,2/6,-87,-6,4.74,3.53,0.63,6.3,809026,2.84,2.29,3.05,917532,36306,19905,516,629
Vietnam,Vinaphone,452/02,2/6,-85,-16,0.28,2.93,10.55,6.8,332016,4.47,2.65,9.3,973910,9262,2056,4365,1575
Vietnam,Vietnam Mobile Telecom (VMS),452/01,2/6,-71,-12,1.43,1.53,7.11,17.9,468470,4.13,0.18,2.53,663454,25099,23356,944,135
Hongkong,CSL (C&W),454/00,2/6,-95,-9,5.48,0.57,10.07,17.3,196451,0.74,1.11,4.24,596149,17104,7085,1387,1673
Hongkong,PCCW-HKT Telephone Limited,454/19,2/6,-64,-16,3.42,4.04,4.03,6.2,650813,3.59,3.99,7.51,200976,38290,8117,4236,2562
Hongkong,China Mobile - Peoples,454/12,2/6,-62,-15,3.83,3.25,4.86,8.5,182243,3.35,4.04,3.67,726856,45293,49040,2301,681
Hongkong,H3G(HONG KONG),454/03,2/6,-89,-13,0.2,1.03,0.33,5,876230,3.96,1.93,1.64,369029,15602,43400,3964,2621
Macao,Hutchison 3,455/03,2/6,-114,-9,4.47,1.26,2.45,11.1,136567,4.49,1.15,5.99,820526,8026,27390,4114,2461
Macao,CTM,455/01,2/6,-103,-8,0.29,2.81,10.97,12.7,323260,2.47,0.56,4.05,150098,48030,16942,1657,2874
CAMBODIA,CamGSM Mobitel,456/01,2/6,-78,-10,4.02,3.92,11.03,1.4,257057,2.34,2.71,8.31,921424,25177,41632,3537,1235
CAMBODIA,Viettel,456/08,2/6,-72,-12,2.32,4.19,1.86,10.3,489115,0.83,0.96,5,151962,9800,30227,312,268
CAMBODIA,Latelz Co. Ltd,456/06,2/6,-105,-7,5.21,0.22,3.62,6.4,777471,0.53,4.12,11.18,650287,38468,39687,4594,1759
China,China Mobile,460/00,2/6,-83,-15,4.74,0.59,7.91,17,145652,1.42,0.35,0.59,517596,13689,42055,3978,2380
China,China Mobile,460/07,2/6,-99,-14,1.13,3.21,9.07,7.2,355385,0.57,0.88,5.94,731897,26271,19460,2755,1705
China,China Mobile,460/02,2/6,-71,-9,1.96,1.42,11.63,11.9,479861,2.82,2.9,3.33,349744,5240,38176,475,2487
China,China Unicom,460/01,2/6,-110,-7,2.91,0.59,7.4,9.5,589135,1.16,0.66,5.81,541055,19544,19220,4922,1086
Taiwan,Taiwan Mobile (ex TCC),466/97,2/6,-90,-15,0.87,0.92,11.83,11.2,514647,0.9,1.7,2.02,911760,40335,21649,1673,1513
Taiwan,Chunghwa Telecom,466/92,2/6,-102,-13,3.03,1.58,1.62,14.5,404519,5.39,2.95,7.77,471194,3415,21154,4118,2290
Taiwan,Fareastone,466/01,2/6,-109,-6,2.21,1.16,4.94,15.9,829924,1.7,0.98,4.72,381491,35156,1188,4657,301
Malaysia,Maxis,502/12,2/6,-105,-14,1.23,5.23,3.87,8.8,277818,1.44,0.95,2.56,221566,21775,2768,4615,1951
Malaysia,Celcom,502/19,2/6,-114,-15,5.05,1.94,11.36,14.3,559018,2.17,5.35,2.98,938937,39614,28983,4725,1789
Malaysia,U Mobile Sdn Bhd,502/18,2/6,-112,-9,3.04,4.27,9.19,16.8,804631,0.48,0.77,9.99,351102,30319,3502,2276,2568
Malaysia,DiGi  Telecommunication,502/16,2/6,-95,-13,4.92,2.64,11.25,7.6,666040,3.91,3.07,4.21,855515,23184,29913,1320,1119
Australia,Optus,505/02,2/6,-67,-6,2.97,3.23,9.41,2.6,242279,3.29,5.46,6.86,445262,20128,25434,2642,1352
Australia,Telstra,505/01,2/6,-63,-7,1.68,3.62,2.24,12.7,614677,3.74,2.65,0.39,133665,12126,17503,953,721
Indonesia,Telkomsel,510/10,2/6,-119,-6,4.76,3.37,2.38,5.4,403178,5.27,0.86,9.82,787411,24215,35378,1334,1626
Indonesia,Hutchison,510/89,2/6,-68,-9,1.82,0.88,1.12,5.5,273881,5.25,0.82,7.07,740629,32167,45278,4288,2494
Indonesia,Excelcom Indo,510/11,2/6,-80,-7,1.34,2.31,1.98,12.7,292949,2.74,3.02,5.24,702947,40027,5612,743,1385
Philippines,Globetel,515/02,2/6,-83,-7,4.48,3.79,6.68,2.3,407845,0.51,4.12,8.45,587330,9599,13713,776,596
Philippines,Digitel (Sun Cellular),515/05,2/6,-109,-9,3.37,1.68,2.42,7.1,760564,1.27,1.27,3.77,279431,35412,32494,2379,781
Thailand,Advanced Wireless Network Company Ltd.,520/03,2/6,-111,-8,2.84,3.43,6.82,6.4,519832,4.12,2.38,7.4,117997,1301,21896,2564,1550
Thailand,True Move  HSPA,520/00,2/6,-64,-13,5.29,4.5,7.45,16.5,107098,0.6,4.85,9.07,156221,21172,22985,3353,428
Thailand,Total Access (DTAC),520/05,2/6,-87,-8,4.33,4.84,8.16,12.3,218258,1.13,3.22,5.25,318548,37099,4212,4687,2146
Singapore,Starhub,525/05,2/6,-112,-15,4.56,1.85,7.43,16.8,283200,3.32,4.87,11.75,456806,16752,22593,1983,1763
Singapore,Mobile One,525/03,2/6,-82,-14,1.55,0.47,9.63,6,868698,0.32,5.38,0.05,147826,19313,26564,3088,1839
Brunei,B-Mobile,528/02,2/6,-101,-14,2.04,0.83,11.56,9.4,394903,2.94,3.02,3.47,772881,38247,7415,4447,1516
Brunei,DST,528/11,2/6,-82,-8,5.24,5.14,4.37,11.5,768362,3.75,1.17,1.61,436660,21283,8198,2853,2725
New Zealand,Telecom New Zealand,530/05,2/6,-78,-6,2.84,3.58,8.71,13,584903,3.39,0.45,3.54,784341,16931,3370,1575,2642
New Zealand,Vodafone(NEW ZEALAND),530/01,2/6,-67,-14,1.69,2.61,7.75,18.2,227185,2.52,0.12,0.89,152071,39759,22359,2394,2362
New Zealand,Two Degrees (NZ Communications),530/24,2/6,-62,-10,1.11,4.45,0.17,16.1,915748,1.3,4.14,4.41,181671,47573,46676,3784,2400
Morocco,Itissalat Al Maghrib (Mobile GSM),604/01,2/6,-62,-9,1.35,1.15,6.86,14.4,626693,0.07,3.56,0.66,302316,1873,31144,1488,1122
,,,,,,,,,,,,,,,,,,
,,,,,,,,,,,,,,,,,,
Netherlands,Vodafone(NETHERLANDS),204/04,2/7,-105,-9,2.48,3.27,2.15,1.1,634651,3.36,0.73,11.46,542020,12234,33547,1967,1662
Netherlands,T-mobile (ex Ben),204/16,2/7,-108,-10,1.73,3.27,9.62,6.8,164063,4.37,4.34,2.24,989218,46357,27421,1447,1416
Netherlands,KPN (iBasis),204/08,2/7,-62,-10,1.17,1.99,0.24,10.6,286893,2.32,2.68,7.76,170242,30343,15452,2369,862
Belgium,Belgacom Mobile,206/01,2/7,-60,-14,4.06,5.3,11.72,5.8,840586,0.12,0.29,5.05,833037,15954,25385,2716,2691
France,Bouygues,208/20,2/7,-111,-7,1.86,4.08,6.27,14.9,188296,4.92,4.95,3.92,584778,3455,34705,2035,2505
France,Free Mobile,208/15,2/7,-113,-14,3.6,5.46,2.62,7.3,572176,5.28,1.8,9.04,305471,25217,24395,3028,1429
France,SFR (Cegetel),208/10,2/7,-98,-12,3.26,4.9,2.83,4.4,143668,3.91,2.46,5.84,945240,6799,39229,3349,2066
Andorra,Mobiland/STA,213/03,2/7,-72,-8,1.24,3.92,9.49,14.8,347535,3.18,2.27,3.75,138517,21473,25985,767,570
Spain,Telefonica Moviles(SPAIN),214/07,2/7,-80,-11,5.19,3.7,11.33,18.2,237301,3.5,2.46,6.22,443294,49838,19013,1554,1682
Spain,Vodafone (AirTel),214/01,2/7,-97,-6,1.72,3.19,0.87,19.2,214664,4.45,1.84,3.37,852443,18797,26678,3758,2666
Italy,TIM (Telecom Italia),222/01,2/7,-111,-10,1.3,4.39,8.86,11.8,667582,2.78,3.03,0.74,284984,39936,34031,1202,759
Italy,H3G(ITALY),222/99,2/7,-66,-9,4.1,3.77,10.9,9.9,624928,1.21,1.82,11.9,212134,38248,33457,1306,369
Italy,Vodafone Omnitel,222/10,2/7,-60,-10,4.22,3.95,11.69,1.1,167979,3.89,2.2,0.37,417252,47014,16196,2799,1996
Switzerland,Swisscom,228/01,2/7,-111,-13,3.12,3.06,9.71,3.5,356500,4.29,2.1,0.78,822503,17798,6460,497,2740
Switzerland,Sunrise DiAx,228/02,2/7,-78,-6,5.21,2.04,0.96,7.8,735818,3.49,3.42,5.89,530960,46668,21397,2373,812
United Kingdom,Everything Everywhere,234/30,2/7,-94,-7,5.33,0.2,2.14,7.6,654380,5.29,0.78,4.59,913018,47512,37780,4545,2364
United Kingdom,Telefonica O2 (CellNet),234/10,2/7,-93,-16,5.46,3.11,11.65,16.7,949497,0.08,5.41,8.99,533007,41518,12429,3473,2352
United Kingdom,Jersey Telecom (JT-Wave),234/50,2/7,-82,-13,4.72,1.19,3.7,14.6,200006,4.67,2.85,0.83,254765,39121,10755,756,1976
United Kingdom,Everything Everywhere (ex-Orange),234/33,2/7,-79,-14,0.48,2.52,4.68,11.1,537692,5.1,0.34,11.42,634953,27432,41501,4813,262
Sweden,Tele2 - Comviq,240/07,2/7,-103,-14,2.53,0.56,10.21,1.1,714451,1.09,5.08,1.04,856287,43875,14694,2904,2415
Sweden,"Telenor (Vodafone,Europolitn)",240/08,2/7,-77,-8,1.15,2.55,2.94,6.4,382989,2.19,3.56,7.49,139654,27214,47507,17,2554
Norway,NetCom TeliaSonera,242/02,2/7,-62,-10,4.38,1.16,5.42,7.9,838079,4.88,0.87,7.72,321468,26057,39117,2978,1813
Estonia,EMT,248/01,2/7,-108,-12,1.79,3.15,0.54,15.3,273969,3.95,2.55,3.55,923237,39299,35894,1670,2007
Russia,Vimpelcom Beeline (KB Impuls),250/99,2/7,-106,-12,3.93,0.51,3.05,19.6,864326,0.39,2.5,6.88,832874,10893,19042,4588,1905
Poland,P4 Play,260/06,2/7,-98,-15,2.27,4.44,3.28,15.7,839059,1.63,3.79,10.05,815939,2509,42768,1716,974
Germany,E-Plus,262/03,2/7,-75,-15,3.78,5.28,4.89,6.2,765797,2.5,3.93,7.39,695636,34424,18936,1967,1636
Germany,Telekom Deutschland (T-Mobile),262/01,2/7,-94,-13,1.67,5.28,3.65,8.9,983804,5.1,4.46,1.06,421770,17247,42165,2511,1480
Germany,Telefonica O2/viag,262/07,2/7,-104,-13,1.5,0.67,8.54,19.5,792397,2.47,3.63,7.1,166267,20597,38845,2934,1846
Portugal,TMN,268/06,2/7,-93,-13,1.15,1.06,10.15,5.1,313936,1.59,4.43,8.31,284055,33919,14257,927,393
Turkey,AVEA (IS-TIM Aria),286/03,2/7,-95,-8,5.09,2.41,11.76,20,913992,3.37,5.42,8.62,979272,2974,25659,565,873
MACEDONIA,T-Mobile (Mobimak),294/01,2/7,-99,-15,4.42,2.43,8.72,15.2,442721,5.43,5.49,11.18,844636,45663,30336,309,2561
Canada,Rogers Wireless,302/61,2/7,-105,-12,2.97,1.23,0.75,1.1,424615,3.45,0.26,9.92,344730,16315,28169,4427,756
Canada,Rogers Wireless,302/22,2/7,-72,-13,1.65,0.57,2.22,11.5,841677,0.73,0.6,2.48,118247,16219,14022,543,864
United States of America ,AT&T,310/41,2/7,-106,-8,0.14,5.38,5.74,8.1,347320,4.67,2.48,1.44,844287,45921,36701,4112,2671
United States of America ,T-Mobile,310/26,2/7,-85,-13,3.73,3.3,11.18,3.9,933145,0.24,4.67,3.69,832653,25986,22130,2156,2232
United States of America ,Southern Communications dba Southern LINC,310/15,2/7,-113,-16,3.84,2.29,8.88,16.1,134574,1.2,1.88,6.13,834359,28355,13238,205,2460
Unted States,Verizon Wireless,311/48,2/7,-98,-9,2.93,4.95,0.23,14.8,158802,4.72,4.53,1.47,357817,19126,29648,1350,656
India,Airtel (Kolkata),404/31,2/7,-76,-12,0.73,1.71,9.2,9,473362,3.57,0.16,10.73,779620,7792,20172,3488,1214
India,Airtel (Andhra Pradesh),404/49,2/7,-80,-12,3.96,2.48,7.59,16.5,795075,0.32,3.28,8.02,236354,40575,5496,26,2647
India,Airtel (Mumbai),404/92,2/7,-118,-9,3.29,2.81,7.1,2.6,627473,2.75,4.56,3.62,661994,40004,21523,858,2043
India,Airtel (Kerala),404/95,2/7,-87,-12,2.44,0.7,3.47,18.1,323059,4.99,5.13,3.52,509837,29116,23767,1941,1246
India,AirTel (Chennai),404/03,2/7,-111,-8,4.13,1.44,9.46,7.2,260699,1.73,1.36,8.29,120678,47751,9461,228,2306
India,Vodafone India (Mumbai) Hutchison Orange,404/20,2/7,-87,-14,4.83,3.5,8,4.4,259535,3.22,4.57,10.45,505076,12351,41113,891,1833
India,Airtel (Karnataka),404/45,2/7,-74,-7,1.94,0.61,10.15,2.8,763875,2.22,1.62,10,853297,7100,27448,4604,1693
India,Airtel (Maharashtra & Goa),404/90,2/7,-94,-8,0.3,4.2,5.33,13.3,128042,4.75,0.06,12,105429,38034,32123,2232,558
India,India(404),404/94,2/7,-97,-10,3.38,5.14,10.11,1,136582,2.55,1.06,6.48,616196,36593,26716,1823,266
India,AirTel (Chennai),404/02,2/7,-117,-11,4.55,3.77,1.93,17.4,662225,3.89,5.3,4.47,919618,25149,49089,252,2189
India,Airtel (Uttar Pradesh W),404/97,2/7,-60,-8,1.33,3.24,4.83,4.6,779227,3.49,3.61,1.86,200276,28807,22386,4732,1542
India,Vodafone (New Delhi) Hutchision Essar,404/11,2/7,-77,-10,0.89,5.09,6.55,5.3,364126,0.78,1.08,10.76,550587,26490,34001,4932,1681
India,AirTel (Chennai),404/40,2/7,-99,-10,2.51,4.44,6.41,7,461281,0.95,0.43,11.95,966732,17868,46215,741,596
India,"Airtel (Rajasthan),Hexacom",404/70,2/7,-93,-10,3.68,2.14,7.37,3,780719,1.53,1.46,9.55,494396,41978,15658,1891,2832
India,Airtel (Madhya Pradesh),404/93,2/7,-81,-15,1.81,4.96,10.24,16.7,834294,1.94,2.11,2.82,423127,46179,18715,1262,2200
India,Airtel (Haryana),404/96,2/7,-92,-12,3.31,3.18,4.83,12,376489,3.67,2.08,3.21,789797,25804,48270,2035,2215
India,Airtel (Delhi),404/10,2/7,-81,-14,4.03,5.2,3.79,4.6,629219,4.39,1.36,3.41,979532,24813,32880,4958,2207
India(405),,405/52,2/7,-65,-9,3.88,4.44,5.52,15.7,377885,4.74,4.89,0.23,404369,19767,2905,341,766
India(405),"AirTel (Bharti-Televentures), Uttar Predesh East",405/54,2/7,-104,-9,5.34,0.36,7.61,2.4,549022,0.71,3.61,2.6,932516,9403,36573,2628,2143
India(405),"AirTel (Bharti-Televentures), Orissa",405/53,2/7,-78,-9,4.44,3.82,9.14,10.3,981526,1.68,1.91,0.1,972611,31407,1850,3976,2404
Sri Lanka,Bharti Airtel,413/05,2/7,-63,-9,1.09,1.23,8.16,2,403407,2.05,3.25,6.09,167884,5235,40466,4832,2331
Sri Lanka,Dialog Axiata (ex MTN),413/02,2/7,-98,-16,0.63,0.07,2.28,3.3,712975,3.07,0.39,5.48,294761,11669,3937,1654,1814
Myanmar,Telenor Myanmar (Comcel Myanmar),414/06,2/7,-73,-7,1.11,0.78,4.56,15.2,296065,2.02,3.24,4.09,675490,9930,43076,4258,637
Myanmar,Ooredoo Myanmar,414/05,2/7,-86,-16,5.22,2.36,5.34,8.9,653101,2.31,4.89,2.82,332162,9872,21816,187,188
Myanmar,Myanmar Post and Telecommunication,414/01,2/7,-113,-6,4.11,3.78,11.87,11.5,717144,4.44,0.26,7.88,628871,15204,3905,4484,1267
Saudi Arabia,Mobily,420/03,2/7,-110,-12,3.29,3.73,0.74,7.2,742261,3.17,5,1.17,226985,36732,29688,2475,1116
Saudi Arabia,Saudi Telecom Company,420/01,2/7,-108,-16,2.45,0.58,9.78,4.3,398555,2.91,4.81,2.03,594029,35251,32287,2295,1289
United Arab Emirates,Etisalat(UAE),424/02,2/7,-72,-13,1.8,0.28,1.03,14.6,185207,4.19,2.85,9.14,482885,6522,45762,4449,2159
Bahrain,Batelco,426/01,2/7,-106,-6,1.94,0.98,3.45,15.1,368037,3.77,1.63,6.69,266718,36456,4753,1665,2881
Qatar,Q-Tel,427/01,2/7,-79,-7,2.12,0.63,7.42,11.6,359735,2.3,4.05,8.76,265743,6113,9789,728,2172
Japan,NTT Docomo,440/10,2/7,-98,-15,4.32,1.07,0.85,10.3,544795,4.29,4.2,8.04,794929,14637,20932,4673,1118
Japan,Soft Bank (Vodafone KK),440/20,2/7,-98,-6,2.97,1.48,2.9,17.9,723839,5.23,0.34,2.79,149729,15790,36067,2805,312
South Korea,LGT Telcom,450/06,2/7,-92,-12,5.48,0.1,3.95,3,379539,4.89,5.31,11.55,953744,16580,19128,1394,629
South Korea,SK Telecom,450/05,2/7,-65,-7,3.98,1.46,7.77,8.3,421802,3.99,2.71,11.94,850410,26138,5890,1877,1919
Vietnam,Viettel,452/04,2/7,-104,-12,5.36,0.12,10.33,10.9,744582,5.26,0.2,2.52,989496,4859,14687,4911,2267
Vietnam,Vinaphone,452/02,2/7,-77,-11,3.72,4.35,7.52,10.1,637031,5.38,2.94,9.66,935224,35318,33773,4097,218
Vietnam,Vietnam Mobile Telecom (VMS),452/01,2/7,-86,-10,4.27,0.71,3.88,14.9,239184,3.26,4.28,2.31,146044,7386,3599,1262,971
Hongkong,CSL (C&W),454/00,2/7,-60,-7,0.46,0.52,8.85,16.4,698785,1.51,1.04,0.41,524530,9133,22097,2652,1051
Hongkong,PCCW-HKT Telephone Limited,454/19,2/7,-102,-12,2.08,4.61,10.49,7.6,485018,3.5,1.29,1,924593,34786,30388,252,2421
Hongkong,China Mobile - Peoples,454/12,2/7,-96,-12,1.13,4.09,2.77,18.3,255812,2.06,5.2,2.46,618939,35793,27730,2169,125
Hongkong,H3G(HONG KONG),454/03,2/7,-91,-7,5.1,3.47,0.24,16.1,229449,0.32,1.91,4.43,232680,3122,22905,251,1655
Macao,Hutchison 3,455/03,2/7,-101,-8,3.92,0.31,9.33,8.8,864114,2.79,1.81,2.43,671121,20543,28582,178,1774
Macao,CTM,455/01,2/7,-66,-14,4.69,2.22,4.98,5.1,106625,5.2,3.29,7.4,591932,16072,13478,927,2724
CAMBODIA,CamGSM Mobitel,456/01,2/7,-71,-9,5.28,0.52,0.11,16.5,419167,0.41,2.02,11.72,665767,48095,32114,4488,1280
CAMBODIA,Viettel,456/08,2/7,-107,-8,3.8,0.34,7.02,1.8,370032,1.79,0.46,6.02,114283,46330,30506,2847,2131
CAMBODIA,Latelz Co. Ltd,456/06,2/7,-65,-7,3.42,3.2,5.94,2.4,417677,3.72,0.21,2.43,616088,48966,35370,3741,946
China,China Mobile,460/00,2/7,-107,-7,2.78,2.76,2.19,16.6,711132,0.54,1.17,10.03,743964,38977,36053,4180,984
China,China Mobile,460/07,2/7,-88,-13,4.68,2.78,3.93,19.8,297101,1.5,0.74,6.7,397711,46057,45061,1611,1997
China,China Mobile,460/02,2/7,-84,-15,0.3,0.48,0.17,0.9,663868,2.4,1.64,6.52,983238,27319,35363,2575,740
China,China Unicom,460/01,2/7,-100,-8,5.49,3.62,1.1,4.5,230914,0.44,1.2,10.63,884746,41485,45065,3978,2559
Taiwan,Taiwan Mobile (ex TCC),466/97,2/7,-66,-16,4.95,4.52,1.78,5.5,824321,4.19,4.5,5.13,599767,24519,13161,694,1068
Taiwan,Chunghwa Telecom,466/92,2/7,-91,-15,2.24,3.88,3.04,12.8,415748,3.44,3.59,6.39,231190,27000,37723,1631,861
Taiwan,Fareastone,466/01,2/7,-102,-7,4.7,0.98,11.43,7.1,745104,1.14,1.32,3.69,894108,38412,3917,4557,2755
Malaysia,Maxis,502/12,2/7,-113,-11,5.36,4.48,5.07,5,812613,0.16,1.66,8.45,301989,8667,24545,1827,604
Malaysia,Celcom,502/19,2/7,-94,-9,5.25,4.49,9.57,7.3,967956,1.61,4.3,7.06,782427,6611,49479,542,1671
Malaysia,U Mobile Sdn Bhd,502/18,2/7,-104,-16,2.09,5.02,4.17,2.8,555079,3.58,3.91,8,250227,24313,13501,3622,158
Malaysia,DiGi  Telecommunication,502/16,2/7,-89,-13,3.52,2.24,2.72,14.6,984375,4.8,4.15,6.56,601554,48868,15142,206,326
Australia,Optus,505/02,2/7,-104,-13,0.67,0.48,2.3,8.1,408343,1.71,1.72,0.83,384242,44474,38242,4318,1432
Australia,Telstra,505/01,2/7,-75,-8,0.76,2.91,2.7,6.6,874095,1.19,3.71,11.47,409545,2043,9616,1380,2151
Indonesia,Telkomsel,510/10,2/7,-68,-15,1.4,1.13,6.69,4.1,129617,5.49,0.64,3.46,573360,26537,42448,1531,508
Indonesia,Hutchison,510/89,2/7,-69,-15,0.52,2.06,5.15,18.6,563422,0.85,4.98,3.22,200916,26938,7548,4393,2769
Indonesia,Excelcom Indo,510/11,2/7,-110,-11,0.98,0.46,0.41,19.6,609996,2.87,2.08,11.7,362275,29663,23394,213,779
Philippines,Globetel,515/02,2/7,-118,-15,2.84,3.94,10.73,16.6,681020,5.35,1.98,6.22,948891,8031,45752,4325,2923
Philippines,Digitel (Sun Cellular),515/05,2/7,-64,-12,0.27,2.52,1.97,4.1,859898,0.65,0.76,4.11,538672,44119,3149,2043,1471
Thailand,Advanced Wireless Network Company Ltd.,520/03,2/7,-93,-13,1.75,3.1,4.34,13.7,717339,3.75,3.84,9.7,910983,3044,18739,1157,635
Thailand,True Move  HSPA,520/00,2/7,-99,-7,3.62,5,7.73,1.5,470126,4.59,1.82,2.81,832896,49765,42677,1730,1598
Thailand,Total Access (DTAC),520/05,2/7,-107,-11,3.55,2.75,0.14,5.6,560791,4.62,0.62,10.85,354241,37232,38644,3921,2491
Singapore,Starhub,525/05,2/7,-65,-14,1.05,3.97,4.96,16.4,456820,2.62,1.23,11.71,801429,21578,47489,3714,1438
Singapore,Mobile One,525/03,2/7,-113,-15,3.93,3.39,4.46,3.8,891361,3.92,4.57,1.74,866171,26789,22389,164,1243
Brunei,B-Mobile,528/02,2/7,-113,-13,1.64,0.39,0.82,17.8,665054,1.32,3.54,2.63,784266,3193,22764,4956,451
Brunei,DST,528/11,2/7,-81,-6,4.38,4.08,1.52,10.3,910827,2.16,3.45,8.9,674184,12883,32989,4831,1382
New Zealand,Telecom New Zealand,530/05,2/7,-92,-6,1.24,1.14,2.69,8.6,754526,1.58,2.69,7.39,385791,34401,33710,2464,460
New Zealand,Vodafone(NEW ZEALAND),530/01,2/7,-111,-6,5.15,0.09,9.58,9.9,110193,1.98,1.12,0.26,176700,13402,35183,1526,2249
New Zealand,Two Degrees (NZ Communications),530/24,2/7,-79,-7,2.18,1.65,0.24,11.5,363552,3.48,1.1,6.02,181086,31604,39780,2950,2654
Morocco,Itissalat Al Maghrib (Mobile GSM),604/01,2/7,-96,-8,3.94,3.8,4.32,2.6,587103,2.57,3.41,6.13,678786,33907,17688,13,884
