,,Coverage,Quality,VoLTE,,,,,Data,,,,,,,
IMSI-Group,Time,Coverage,RSRQ,Drop Call (%),Block Call (%),Setup Failure (%),Setup Time (sec),Holding Time (min),Drop Call (%),Block Call (%),Setup Failure (%),DL Volume (MB),UL Volume (MB),DL Throughput (KB),UL Throughput (KB),Call Count
VIP_001,2/1,-89,-16,1.18,4.34,0.13,6.9,224496,4.4,0.79,4.64,959913,41994,10383,3276,2905
VIP_002,2/1,-118,-7,2.2,5.44,7.12,6.4,536186,1.05,4.88,10.14,918327,21160,7817,214,73
VIP_003,2/1,-88,-16,3.83,3.39,10.04,15.3,990093,1.33,3.21,6.9,106992,2530,9889,1569,937
VIP_004,2/1,-99,-14,4.37,1.25,6.98,5.4,288079,3.91,5.44,3.63,646854,5617,18722,2029,1695
VIP_005,2/1,-83,-12,0.32,5.05,11.95,5.1,525154,2.87,3.73,0.08,215824,36188,27205,1092,921
VIP_006,2/1,-97,-15,1.15,5.47,3.1,13.6,303595,1.82,5.09,8.57,657383,46704,26439,2203,2157
VIP_007,2/1,-99,-12,1.36,0.34,1.68,13.3,768373,3.12,5.18,4.62,541312,19017,42108,175,650
VIP_008,2/1,-69,-14,4.64,1.44,6.33,19.7,875900,1.2,3.58,10.61,317524,37688,47995,2279,2870
VIP_009,2/1,-98,-14,3.62,5.39,8.1,18.9,372450,0.32,3.61,9.31,536353,28925,31239,4201,1147
VIP_010,2/1,-97,-8,2.15,3.53,10.66,7.6,123440,0.41,4.18,2.97,617753,47966,25187,2847,2558
VIP_011,2/1,-80,-13,2.26,1.51,10.6,5.3,394338,0.63,3.98,11.88,465292,8231,13847,3682,481
VIP_012,2/1,-67,-8,3.55,1.56,10.66,10.9,774271,4.13,2.34,3.64,517412,13450,45640,2006,2137
VIP_013,2/1,-98,-14,2.62,4.5,8.74,4.8,815436,2.9,1.53,6.58,573495,1881,27412,1040,1885
VIP_014,2/1,-81,-14,3.3,2.52,6.52,13.7,437204,0.41,4.96,9.16,925248,3861,21451,1101,1784
VIP_015,2/1,-104,-11,2.82,3.64,3.2,16.7,503884,2.81,0.35,1.94,475884,45575,42765,1709,2579
VIP_016,2/1,-74,-15,3.75,2.81,2.16,9.8,315604,0.87,1.81,10.93,503639,11068,12875,1226,135
VIP_017,2/1,-110,-12,2.39,5.49,6.14,19.2,563154,2.5,0.2,7.24,231653,38535,45636,1305,295
VIP_018,2/1,-107,-9,0.29,4.57,6.74,2.4,584993,5.23,2.77,0.39,162497,18146,14548,2714,2393
VIP_019,2/1,-95,-10,1.73,3.77,6.46,16.8,948709,3.6,3.24,4.52,330438,20000,48560,1453,1689
VIP_020,2/1,-92,-7,1.88,3.45,10.98,10.7,291183,4.5,0.46,1.94,897713,42323,30047,4631,2634
VIP_021,2/1,-70,-9,4.34,0.57,3.08,5.7,190685,3.21,2.55,2.9,430872,27897,45878,4010,254
VIP_022,2/1,-84,-6,0.81,2.85,5,12.2,562101,2.39,3.39,8.74,309144,36019,17896,1968,1574
VIP_023,2/1,-109,-6,3.16,1.69,3.02,18.7,611371,3.54,1.59,1.25,461011,25308,36156,2515,812
VIP_024,2/1,-115,-6,5.37,5.04,9.24,2.8,232405,2.29,3.5,7,994189,28728,33158,3922,2153
VIP_025,2/1,-64,-13,4.53,0.9,9.3,1.8,294403,2.62,4.4,0.69,231787,48267,30506,1628,972
VIP_026,2/1,-81,-6,2.18,2.46,7.32,11.7,361914,3.68,5.03,1.1,410655,24667,16931,2344,2930
VIP_027,2/1,-80,-6,2.26,4.79,4.77,3,886855,5.09,2.86,5.71,285594,22266,15308,2870,2946
VIP_028,2/1,-102,-15,3.68,1.04,9.78,19.7,729879,3.42,3.68,2.04,949365,41891,6811,2126,1784
VIP_029,2/1,-74,-11,4.24,0.99,1.85,15.1,507604,1.34,0.82,1.7,159894,18995,47100,1588,802
VIP_030,2/1,-62,-6,1.28,3.13,5.52,12.8,843653,3.38,1.16,10.37,514633,12575,20820,2449,1532
VIP_031,2/1,-105,-13,5.45,1.53,7.85,6.3,859559,0.55,2.8,7.44,984587,17785,16356,3698,1302
VIP_032,2/1,-117,-15,4.66,5.48,6.8,19.5,128170,2.39,2.41,8.43,382785,20944,25120,4843,944
VIP_033,2/1,-105,-6,2.34,4.41,0.6,0.8,481849,2.13,3.39,5.46,377822,32133,32340,274,2978
VIP_034,2/1,-113,-10,1.92,4.32,1.12,4.9,186838,1.47,3.79,9.39,524895,6436,4426,4243,2246
VIP_035,2/1,-74,-8,5.43,1.82,6,5.8,440074,3.84,1.58,3.34,711693,30354,7065,617,468
VIP_036,2/1,-100,-9,0.54,0.8,8.2,12.2,220465,4.71,4.53,5.76,207479,27964,34114,3297,1556
VIP_037,2/1,-93,-10,5.41,2.85,5.23,9.5,597215,5.18,2.77,6.21,938102,15468,46232,1210,969
VIP_038,2/1,-103,-11,1.76,0.32,10.49,9.9,374672,1.01,1.39,1.92,359323,39610,15301,2954,2003
VIP_039,2/1,-120,-6,5.18,4.19,1.45,13.2,470057,2.33,2.46,9.17,661626,29137,20791,4459,10
VIP_040,2/1,-95,-6,2.52,3.32,2.77,15.6,748637,2.23,0.82,0.23,967285,32064,44665,2745,1414
VIP_041,2/1,-98,-12,2.96,1.23,0.66,10.4,721262,0.06,3.11,5.95,230197,28289,33996,1175,2912
VIP_042,2/1,-80,-11,2.8,1.93,6.31,17.5,660421,2.75,1.29,6.59,557388,46218,16875,4956,2260
VIP_043,2/1,-85,-16,5.38,0.39,2.6,6.7,362439,1.69,1.42,1.71,263375,26823,23573,2322,195
VIP_044,2/1,-72,-16,4.45,1.99,8.71,5.7,227381,1.44,2.89,1.12,737046,30609,24963,1764,1431
VIP_045,2/1,-104,-6,2.33,0.6,1.89,17.1,146418,0.98,1.11,6.44,750951,35856,15460,2729,1913
VIP_046,2/1,-84,-13,5.11,0.48,8.11,8.8,523672,2.66,1.86,3.75,304189,48235,6811,3526,1289
VIP_047,2/1,-69,-6,1.41,5.11,2.85,4.7,405908,1.63,2.4,11.67,590410,12683,33883,2675,927
VIP_048,2/1,-88,-10,0.79,1.45,9.19,10.5,692268,4.64,3.51,2.9,499423,46025,34101,4808,2543
VIP_049,2/1,-97,-7,3.4,4.58,5.44,15.8,574437,2.44,1.5,7.06,293164,1601,23151,3259,85
VIP_050,2/1,-92,-14,4.51,1.59,4.65,16.1,547745,5.47,5.24,1.62,411286,8298,1696,4043,2067
VIP_051,2/1,-95,-7,0.08,1.7,5.94,15.4,681316,3.19,2.68,3.38,293867,16695,45215,830,1334
VIP_052,2/1,-82,-6,4.56,1.01,1.74,10.8,231448,1.5,0.79,1.04,174024,23347,32216,2699,2840
VIP_053,2/1,-109,-12,2.41,2.18,11.02,11.1,380888,2.7,4.99,6.66,244404,43738,31213,3708,625
VIP_054,2/1,-103,-6,3.65,3.07,8.45,8,388735,3.55,1.51,9.04,924965,20757,21097,3592,1946
VIP_055,2/1,-118,-14,1.9,5.25,6.36,6.8,742414,0.11,1.28,8.6,842996,44071,26504,3899,957
VIP_056,2/1,-97,-8,0.9,2.8,5.96,19.1,801984,3.06,4.17,8.98,533722,37522,2247,2097,365
VIP_057,2/1,-101,-10,0.15,4.71,5.98,15.9,776300,4.47,5.19,2.61,167208,7613,15658,1767,1120
VIP_058,2/1,-81,-11,0.5,5.21,9.78,1.1,781586,3.2,2.43,0.8,806957,35868,37199,3419,2893
VIP_059,2/1,-82,-16,3.3,2.51,6.64,18.2,241421,5.33,4.84,3.26,429412,29333,2668,3765,2396
VIP_060,2/1,-67,-7,0.11,5.14,10.86,5.5,615608,4.2,3.31,10.17,104854,25999,13801,1025,311
VIP_061,2/1,-107,-6,2.2,1.16,8.28,15.6,517479,1.85,0.45,8.75,209172,27695,7380,1049,2895
VIP_062,2/1,-82,-7,1.54,0.23,2.6,13.5,112117,3.45,0.15,9.28,497027,44513,3713,4959,1909
VIP_063,2/1,-87,-15,3.7,0.46,4.81,0.8,608549,1.46,0.46,7.74,826142,23545,48522,2604,715
VIP_064,2/1,-73,-14,0.54,2.11,7.66,15.6,434417,0.54,1.19,6.41,838196,20007,32016,1621,132
VIP_065,2/1,-72,-10,0.91,3.7,11.01,12.6,812199,4.94,0.72,11.23,321061,46598,5653,2839,2244
VIP_066,2/1,-91,-16,1.68,5.48,1.51,5.4,658923,4.47,5.07,4.27,928784,15222,13128,4547,2808
VIP_067,2/1,-97,-9,3.5,3.77,7.41,17.8,366806,2.6,5.38,2.13,796537,21179,13724,4113,615
VIP_068,2/1,-95,-8,1.9,2.85,4.88,15.7,547900,2.49,1.26,6.38,334554,11317,48781,2033,2428
VIP_069,2/1,-97,-15,4.1,1.48,7.14,15.9,399149,2.42,3.97,7.27,286114,8383,27154,1409,164
VIP_070,2/1,-109,-16,3.63,4.76,4.28,9.4,397112,5.27,0.13,10.08,328926,6355,48648,3188,1388
VIP_071,2/1,-103,-10,1.27,2.61,4.22,14.1,872318,2.87,1.57,8.32,346948,23615,3498,3800,2078
VIP_072,2/1,-65,-7,2.06,0.31,3.7,4.2,387418,2.41,3.31,10.48,797348,3399,14796,3673,1508
VIP_073,2/1,-73,-15,3.61,1.9,0.7,17.9,802118,0.33,0.37,4.17,551191,13198,6704,2419,3
VIP_074,2/1,-112,-8,1.25,4.78,5.33,16.9,866053,2.2,1.9,0.81,406298,36218,6873,3416,380
VIP_075,2/1,-107,-15,4.39,3.67,4.77,3.9,762099,3.95,2.7,9.8,286883,20570,14302,4960,566
VIP_076,2/1,-68,-14,4.7,1.35,4.74,5.6,687774,4.68,4.17,5.59,655214,17864,21620,2951,2415
VIP_077,2/1,-66,-10,5.39,5.27,3.55,16.8,438036,4.82,5.34,5.05,454266,12083,37279,4637,2301
VIP_078,2/1,-109,-7,0.35,3.29,1.73,9.9,369861,2.36,2.16,6.22,585619,32469,12997,3643,1874
VIP_079,2/1,-95,-9,2.2,0.57,3.75,6.8,828986,3.06,1.14,2.01,771981,15515,46324,1945,221
VIP_080,2/1,-120,-6,5.22,2.02,5.57,13.9,145639,2.75,2.88,10.81,113793,47520,1793,2852,791
VIP_081,2/1,-93,-11,2.39,5.26,1.17,13.2,509606,5.34,5.06,11.5,816423,15153,8492,3087,2159
VIP_082,2/1,-118,-15,0.42,1.65,5.74,15.8,734625,3.35,0.89,9.41,122582,49054,21093,2902,2201
VIP_083,2/1,-76,-7,5.22,0.7,6.39,6.8,794548,1.99,1.45,6.1,705451,8628,45163,96,412
VIP_084,2/1,-76,-12,3.92,2.12,11.15,4.9,858139,1.39,0.83,2.35,205115,23584,18889,1114,1689
VIP_085,2/1,-88,-13,3.34,1.89,9.61,16,189367,4.34,5.08,6.81,233640,44893,22249,1922,1465
VIP_086,2/1,-80,-12,3.25,0.3,3.88,13.3,606930,4.83,1.64,3.66,824197,30667,27826,2447,1019
VIP_087,2/1,-79,-16,0.3,0.54,9.42,0.9,881164,5.4,1.85,5.41,544692,20079,44169,1501,1719
VIP_088,2/1,-68,-15,3.82,3.84,6.01,2.7,250239,3.01,2.2,5.2,919018,8519,41710,4331,885
VIP_089,2/1,-119,-11,0.41,1.45,1.09,15.7,896640,3.14,1.38,2.17,250771,9205,49339,2359,1320
VIP_090,2/1,-84,-16,0.34,1.08,7.11,6.1,756010,4.14,4.01,0.82,721924,34289,10366,295,1785
VIP_091,2/1,-61,-6,3.17,0.69,1.16,5.1,626903,5.37,0.16,3.53,548463,4102,47881,1804,2677
VIP_092,2/1,-118,-15,2.98,0.49,5.09,4.1,449647,3.46,2.85,11.09,900116,10456,9568,1520,2004
VIP_093,2/1,-74,-12,1.42,5.5,11.04,1.5,829962,0.49,0.48,9.35,788818,41165,35422,1209,216
VIP_094,2/1,-83,-15,0.19,2.93,11.22,8.8,996029,5.35,3.97,10.3,548002,8502,36422,2828,1322
VIP_095,2/1,-72,-11,5.4,1.94,5.5,9.9,440393,3.9,4.04,6.28,854466,17788,19524,4355,1280
VIP_096,2/1,-82,-14,2.44,2.62,5.9,1.5,146366,2.46,2.04,7.97,957245,32993,28496,4095,1759
VIP_097,2/1,-114,-15,0.85,1.44,3.3,7.8,939873,2.75,5.02,8.61,970949,13426,5381,2018,2105
VIP_098,2/1,-108,-10,1.22,0.61,2.45,5.8,149908,1.89,0.78,11.71,529517,2969,2527,3421,2250
VIP_099,2/1,-100,-14,2.63,4.42,7.96,19.8,584608,2.19,5.39,8.68,636966,31564,33910,3679,2613
VIP_100,2/1,-66,-7,2.8,5.09,7.08,19.7,107960,0.54,2.56,2.28,334186,15280,44737,204,2619
VIP_101,2/1,-66,-6,5.07,4.57,11.03,5.8,848968,4.28,0.96,2.17,542908,1844,17180,728,1231
VIP_102,2/1,-111,-16,3.22,1.8,5.75,4,104894,5.4,1.76,4.76,388526,13991,34817,1069,2528
VIP_103,2/1,-98,-14,0.31,4.42,11.4,12,148583,1.78,0.85,8.94,546351,8024,2359,385,192
VIP_104,2/1,-105,-9,1.03,0.39,7.61,14.5,453576,0.65,4.27,9.95,234128,3190,11261,312,1883
VIP_105,2/1,-65,-10,0.71,4.54,2.43,7.9,929307,3.29,3.17,1.02,658354,38366,48647,3416,2835
VIP_106,2/1,-113,-8,5.2,4.45,10.99,8.2,235665,0.59,0.23,11.01,813311,6430,4883,3313,2156
VIP_107,2/1,-63,-16,0.51,2.17,8.44,7.8,129047,3.53,5.43,4.92,716367,46928,41784,2021,172
VIP_108,2/1,-77,-7,4.79,3.68,7.26,1.5,695013,4.85,3.36,6.85,636494,10841,23185,2572,863
VIP_109,2/1,-96,-8,4.42,3.87,3.29,2.6,434697,2.13,2.51,9.64,949811,6837,45741,360,1690
VIP_110,2/1,-74,-7,4.72,4.94,3.78,1.2,644373,0.76,1.76,8.11,318778,29205,34791,4137,922
VIP_111,2/1,-74,-14,2.14,5.08,4.77,16.6,652660,2.28,3.82,11.45,471977,40079,45673,748,2384
VIP_112,2/1,-96,-12,2.17,4.43,10.49,16.3,792219,1.31,0.8,3.86,320569,33781,28626,4201,1472
,,,,,,,,,,,,,,,,
,,,,,,,,,,,,,,,,
VIP_001,2/2,-85,-12,1.1,4.64,9.71,14.8,445856,4.68,4.65,9.15,534246,2622,12288,4982,990
VIP_002,2/2,-87,-8,0.41,2.73,7.11,16.7,796522,1.15,2.81,6.45,205568,6291,22636,2880,1215
VIP_003,2/2,-102,-13,3.23,3.34,1.04,15,684508,4.81,1.98,1.79,882435,26526,44525,811,561
VIP_004,2/2,-118,-15,4.2,3.78,4.67,3,490164,2.05,4.73,8.56,814360,14475,33755,2260,1750
VIP_005,2/2,-105,-14,1.77,5.43,9.99,11.8,228085,0.54,1.5,10.6,469189,24403,38664,4965,1444
VIP_006,2/2,-79,-15,3.39,1.17,7.91,19.6,651816,2.65,2.29,9.5,200750,25352,7690,4136,2235
VIP_007,2/2,-111,-16,4.46,4.4,11.4,9,722267,4.19,2.38,10.14,236586,4528,39621,2429,1404
VIP_008,2/2,-66,-15,2.12,3.99,5.8,6,529348,4.55,3.84,3.69,866205,30351,2556,2376,1602
VIP_009,2/2,-84,-9,2.91,2.77,10.48,13.1,221778,0.46,3.44,7.5,798859,14783,31927,1117,749
VIP_010,2/2,-98,-13,4.58,1.88,5.64,9.7,103129,2.67,2.31,1.32,381319,12078,17024,159,1957
VIP_011,2/2,-89,-9,5.07,0.43,4.7,17.4,280036,2.17,4.07,2.56,493568,38839,31451,628,593
VIP_012,2/2,-95,-9,0.57,2.73,9.97,13.7,823322,4.42,3.25,4.19,439262,39968,20370,3073,1030
VIP_013,2/2,-69,-8,3.95,2.81,6.33,6.8,672283,4.03,3.19,4.41,700238,24382,29322,1882,2912
VIP_014,2/2,-61,-9,2.86,3.17,10.52,11.8,827037,3.02,4.56,4.47,625939,27026,48343,1747,2831
VIP_015,2/2,-67,-7,2.12,0.86,8.41,10.3,456899,2.98,3.56,11.83,746176,10277,23350,1441,541
VIP_016,2/2,-116,-6,0.53,1.48,9.25,15.2,688382,2.93,2.94,3.18,471022,47089,28675,2945,1929
VIP_017,2/2,-90,-6,4.95,2.16,9.42,7.5,303502,2.87,1.83,8.87,237218,30013,8705,2714,2871
VIP_018,2/2,-109,-8,4.32,2.98,0.15,3.2,681365,2.16,3.12,10.77,690534,38353,24848,3929,2697
VIP_019,2/2,-90,-6,2.89,1.1,1.61,0.7,204431,5.47,2.81,3.03,526705,3467,11107,3586,683
VIP_020,2/2,-92,-8,0.39,2.13,10.62,19.8,681598,3.27,0.25,1.73,733605,14099,17534,1792,1205
VIP_021,2/2,-65,-16,0.97,0.38,8.58,8.3,975237,2.81,5.1,9.54,463258,39855,1637,3192,1476
VIP_022,2/2,-91,-10,4.88,3.24,9.37,7.4,700785,2.13,3.57,8.15,962795,14610,48135,1652,319
VIP_023,2/2,-64,-6,1.63,1.5,3.95,19.5,379300,2.86,1.78,5.08,346979,26710,32825,190,147
VIP_024,2/2,-71,-13,4.58,0.51,7.91,11.7,365960,2.22,3.75,1.35,258391,33377,39432,2744,2037
VIP_025,2/2,-104,-13,3.51,3.79,4.69,4,262316,0.58,1.92,4.2,665142,26008,45503,2486,2869
VIP_026,2/2,-117,-11,5.31,5.47,6.44,15.2,197003,0.8,0.19,2.86,465255,40142,41943,4157,1972
VIP_027,2/2,-118,-14,4.12,4.45,5.8,10.2,213645,3.57,3.27,8.93,195815,49608,33421,24,2001
VIP_028,2/2,-90,-10,4.96,0.48,0.42,19.3,864835,4.78,2.92,1.53,950059,22748,39118,762,2638
VIP_029,2/2,-61,-11,0.21,3.82,2.6,12.3,537111,0.88,2.34,7.35,806502,33437,25705,2945,2908
VIP_030,2/2,-94,-10,2.14,0.22,4.1,5.3,236947,5.18,3.13,10.42,384651,20468,14861,2866,1343
VIP_031,2/2,-75,-8,2.21,2.74,6.96,2.1,170290,0.54,1.81,3.24,241936,48339,24152,3511,1385
VIP_032,2/2,-71,-10,3.19,1.11,3.13,10.1,884354,4.13,1.23,4.28,931193,1328,15087,3155,2534
VIP_033,2/2,-80,-14,1.54,4.53,11.72,1.7,105940,5.06,3.56,9.43,778980,37568,27632,2762,853
VIP_034,2/2,-87,-7,1.11,2.94,3.09,13.2,576993,4.6,1.52,0.68,632918,34989,12511,2426,107
VIP_035,2/2,-66,-7,4.98,4.1,10.56,1.8,225306,0.24,0.11,5.89,998622,42668,38656,213,1628
VIP_036,2/2,-89,-13,4.65,4.05,8.65,18.8,193819,0.1,0.8,6.67,388688,4126,28399,2751,2351
VIP_037,2/2,-65,-6,2.6,0.33,9.18,4.3,753147,4.8,4.4,3.55,799861,36958,38310,3074,278
VIP_038,2/2,-119,-8,2.18,5.44,10.01,19,314044,0.98,3.2,1.57,509863,36394,28637,1352,1982
VIP_039,2/2,-118,-10,4.6,2.14,5.69,16.3,797045,2.58,3.47,2.47,757971,13149,2211,4636,755
VIP_040,2/2,-86,-15,2.24,2.98,4.84,9.6,188701,0.47,3.49,10.11,492847,1881,25034,4328,1088
VIP_041,2/2,-78,-8,5.16,3.93,1.52,19.3,435731,2.12,0.41,10.17,378122,33595,49966,835,1093
VIP_042,2/2,-104,-8,0.53,1.78,0.49,11,499524,2.47,2.73,9.63,308217,42958,26754,3699,2321
VIP_043,2/2,-118,-14,4.43,3.25,2.37,1.8,617085,5.4,5.09,2.37,877126,32116,48977,3347,1870
VIP_044,2/2,-98,-11,1.79,3.91,4.96,15.6,525869,1.63,0.63,8.22,807683,18550,31882,999,2772
VIP_045,2/2,-96,-7,0.21,0.19,1.31,5.9,731767,5,1.66,7.31,668171,20863,24596,1540,1213
VIP_046,2/2,-66,-9,0.05,2.33,10.23,12.1,126187,1.77,3.66,10,206694,28296,25015,2767,887
VIP_047,2/2,-67,-13,0.64,4.56,3.99,0.9,619750,4.25,1.32,2.92,189006,49118,4097,630,250
VIP_048,2/2,-109,-6,4.02,1.53,4.64,19.8,332823,0.75,4.65,0.76,513612,27545,7371,1405,2245
VIP_049,2/2,-97,-7,2.23,2.62,4.01,19.6,896700,2.88,5.34,1.77,247250,49132,49447,1324,2222
VIP_050,2/2,-105,-15,4.59,0.84,3.96,14.6,161788,4.47,4.96,6.01,497636,47014,48018,1296,1833
VIP_051,2/2,-60,-12,0.14,4.38,3.25,10,484026,1.52,3.14,10.44,814200,16417,20848,4453,914
VIP_052,2/2,-117,-9,4.57,3.55,10.28,14.1,904480,0.49,0.42,0.19,688472,16996,1103,4043,1992
VIP_053,2/2,-80,-6,3.71,4.08,5.23,15.7,902735,2.86,3.66,6.42,605144,20388,3667,350,418
VIP_054,2/2,-108,-6,4.54,0.64,7.21,2,618979,3.89,1.63,5.12,750139,37775,42561,115,550
VIP_055,2/2,-71,-7,1.02,0.6,5.63,19.3,511140,4.42,5.46,8.9,320872,33033,9051,604,703
VIP_056,2/2,-71,-14,3.07,4.29,11.22,3.9,447321,4.93,1.72,6.11,430273,33310,43143,1236,2722
VIP_057,2/2,-109,-9,1.8,1.21,0.16,11.6,723768,0.89,1.1,4.78,591506,27616,2729,1755,939
VIP_058,2/2,-108,-6,2.06,3.76,2.81,13.7,657846,3.61,4.75,6.2,157951,41302,42752,3228,647
VIP_059,2/2,-70,-14,4.98,4.18,9.6,5.7,490158,0.49,2.32,11.26,847045,9511,19925,3264,290
VIP_060,2/2,-73,-11,4.75,3.93,10.3,0.5,890735,4.01,1.89,11.1,666040,34478,31473,1487,2121
VIP_061,2/2,-63,-9,0.47,2.15,2.64,18.1,814090,0.93,3.09,10.22,230523,6808,23592,1407,1028
VIP_062,2/2,-78,-15,2.99,4.14,9.39,12.8,525678,3.25,2.73,9.77,560369,6882,15070,1252,752
VIP_063,2/2,-116,-10,4.09,3.88,6.56,15.5,983292,2.39,3.72,9.66,308846,44285,5686,3829,915
VIP_064,2/2,-97,-7,3.13,4.65,11.91,10.1,859009,1.92,2.75,1.51,376944,1305,39442,406,419
VIP_065,2/2,-84,-9,1.71,3.93,9.75,18,100700,0.72,4.49,5.31,348194,44547,38104,4692,384
VIP_066,2/2,-97,-15,0.4,1.1,6.27,5.2,233539,3.34,4.77,11.31,722258,16468,20699,857,439
VIP_067,2/2,-70,-9,3.5,1.14,6.68,11.9,643929,4.65,3.95,8.04,409953,41596,9744,375,2112
VIP_068,2/2,-99,-12,1.86,2.06,11.83,3.8,854258,4.17,3.85,9.89,514009,20311,39911,1414,2747
VIP_069,2/2,-88,-16,1.35,1.29,3.4,11.1,230912,4.34,2.47,3.09,658185,44257,14204,3297,1156
VIP_070,2/2,-120,-14,3.65,5.25,3.79,6.4,280792,2.51,3.2,3.14,879197,40211,36547,156,1019
VIP_071,2/2,-80,-14,4.77,0.72,3.04,2.8,950491,0.24,4.7,4.67,936042,12788,15206,4001,2233
VIP_072,2/2,-84,-8,4.88,1.64,6.71,4.4,689673,2.65,1.55,8.45,236346,38301,38024,1924,1693
VIP_073,2/2,-74,-16,1.59,3.42,11.66,15.4,960272,1.7,3.99,3.5,784586,28569,8436,3506,229
VIP_074,2/2,-86,-16,4.25,2.84,11.23,0.5,503823,0.86,2.3,10.87,388959,28196,34061,1747,2107
VIP_075,2/2,-100,-11,3.71,3.95,9.68,11.6,613487,2.63,2.06,5.26,611776,42249,31937,4178,1205
VIP_076,2/2,-80,-14,4.1,0.11,9.67,13.2,684736,3.59,5.35,11.98,570909,12012,1935,827,2163
VIP_077,2/2,-65,-6,4.1,1.88,9.37,5.6,253992,2.11,3.55,8,923241,31048,5733,4507,768
VIP_078,2/2,-76,-7,5.47,3.4,10.9,12.6,385114,4.9,3.27,4.27,815277,16674,49821,1610,2929
VIP_079,2/2,-120,-6,3.72,4.11,5.67,14.1,717434,4.72,4.45,7.77,993632,48063,7150,1009,1090
VIP_080,2/2,-85,-7,1.6,2.06,10.18,15.7,340222,0.62,2.6,5.65,219082,29936,11467,4077,1355
VIP_081,2/2,-93,-6,3.03,0.77,1.97,8.1,693091,2.89,3.76,6.07,934389,2309,45591,1878,2125
VIP_082,2/2,-113,-9,4.37,3.82,10.42,2,412653,1.92,2.79,2.14,132307,1126,41345,3437,1340
VIP_083,2/2,-98,-7,1.29,2.39,3.82,9.6,879340,0.97,3.41,4.48,235190,25395,9572,2021,1193
VIP_084,2/2,-91,-6,5.04,3.29,11.66,6,607083,2.4,1.37,10.19,745388,23299,11832,1920,445
VIP_085,2/2,-69,-11,0.98,2.29,10.11,10.8,416890,4,0.16,0.92,111117,10219,10833,431,2579
VIP_086,2/2,-101,-13,1.87,2.87,8.37,9.2,413303,2.54,4.67,8.35,850766,17027,49910,888,1302
VIP_087,2/2,-120,-13,4.1,5.08,4.56,7.8,617951,1.48,4.27,4.16,810452,28708,29836,2619,1532
VIP_088,2/2,-73,-11,5.49,0.65,10.11,9.1,490869,3.08,4.83,5.2,205245,1600,44692,547,2969
VIP_089,2/2,-86,-7,0.76,5.36,0.28,12.4,322720,0.23,1.4,11.37,499655,32512,3078,1684,454
VIP_090,2/2,-72,-8,5.15,5.14,1.84,11,147575,1.02,5.43,0.14,702202,38838,8682,4709,2561
VIP_091,2/2,-65,-6,4.84,1.33,8.44,14.2,229393,1.48,2.53,1.76,334304,5575,26283,4226,2709
VIP_092,2/2,-116,-6,4.06,1.81,3.65,5.5,868065,2.25,0.08,6.69,864715,33919,28409,3549,2464
VIP_093,2/2,-112,-12,4.16,3.56,8.65,2.1,215955,1.43,2.57,8.14,604747,32565,22932,1209,2716
VIP_094,2/2,-79,-15,2.58,0.89,11.95,13.4,804212,5.21,4.18,3.3,373132,15631,41873,1243,890
VIP_095,2/2,-82,-8,4.08,4.78,0.98,17.3,358317,2.05,3.88,3.24,799135,47809,20382,2575,908
VIP_096,2/2,-79,-13,0.68,0.62,3.7,9.4,176653,1.97,5.29,7.78,249757,28524,2430,4082,1199
VIP_097,2/2,-79,-15,5.42,0.29,7.34,5.4,431388,4.86,5.21,0.78,788519,6419,23707,4537,1828
VIP_098,2/2,-67,-16,0.87,2.87,9.91,13.6,554362,2.29,4.53,6.05,175095,3826,35247,2778,2295
VIP_099,2/2,-106,-8,2.9,0.38,10.09,1.9,255569,2.61,4.12,9.88,139071,37345,25689,4777,1154
VIP_100,2/2,-88,-15,0.44,2.08,8.37,18.8,339799,1.51,1.25,5.43,761462,3657,43932,2774,2428
VIP_101,2/2,-111,-8,0.43,0.99,7.96,12.7,574453,0.1,1.29,3,236118,34298,2378,4458,1919
VIP_102,2/2,-113,-9,4,4.81,6.45,10.8,313062,1.69,0.84,3.96,403783,8369,27096,1204,1672
VIP_103,2/2,-63,-7,4.83,3.33,0.63,10.1,641650,1.99,2.67,2.11,438608,27552,37064,106,2260
VIP_104,2/2,-76,-16,0.52,2.97,2.29,16.9,986362,2.56,0.87,7.15,656184,49102,48898,3802,2384
VIP_105,2/2,-101,-8,5,1.19,3.42,17.4,561756,0.48,0.79,9.59,542497,4284,3123,2149,2078
VIP_106,2/2,-67,-7,5.12,2.29,4.59,12,425791,5.17,4.54,10.61,411011,46633,4477,1426,2178
VIP_107,2/2,-66,-15,2.15,3.12,4.98,11.1,249946,0.63,3.17,3.46,830850,39447,39766,3566,1359
VIP_108,2/2,-107,-13,2.43,4.98,8.47,11.1,386282,0.51,3.75,0.79,633233,23477,3596,479,1446
VIP_109,2/2,-83,-7,2.02,5.29,11.84,6.9,575217,0.59,5.01,0.23,866594,5697,41185,1433,2875
VIP_110,2/2,-98,-6,0.65,3.32,0.58,10.3,710375,0.4,1.49,6.32,934017,8336,10448,2221,2737
VIP_111,2/2,-66,-11,0.85,2.23,5.67,9.5,144753,2.34,0.07,5.2,511507,29543,43553,146,312
VIP_112,2/2,-77,-14,2.94,0.94,11.88,12.2,353881,1.75,4.16,0.15,432902,23887,29402,2872,945
,,,,,,,,,,,,,,,,
,,,,,,,,,,,,,,,,
VIP_001,2/3,-91,-11,0.3,0.11,9.52,7.1,702176,4.89,3.86,4.08,659977,11603,36298,3138,215
VIP_002,2/3,-79,-11,1.6,0.07,6.57,15,497007,0.1,4.07,10.55,873269,14512,42550,133,20
VIP_003,2/3,-65,-9,4.63,2.9,9.23,9.8,682392,5.09,3.8,6.14,933264,38735,22773,1070,1592
VIP_004,2/3,-117,-15,5.07,2.61,10.11,18.1,829759,3.64,1.28,3.64,835678,16293,5257,961,1066
VIP_005,2/3,-115,-15,2.53,3.34,7.16,1.8,434293,1.35,1.35,7.73,596941,22940,9532,1128,2969
VIP_006,2/3,-99,-14,2.46,4.53,0.67,19,966782,4.88,2.49,4.29,368265,37881,21782,4910,2674
VIP_007,2/3,-108,-9,1.52,0.32,10.63,13.4,215918,3.49,1.95,3.25,555212,25194,48049,1391,1083
VIP_008,2/3,-109,-15,1.38,0.52,4.17,16.7,259288,2.97,0.53,8.59,577992,13263,13877,4447,2970
VIP_009,2/3,-80,-6,1.93,4.78,8.15,10.6,780909,1.2,1.5,11.35,822547,17684,16328,4608,2696
VIP_010,2/3,-74,-15,1.25,4.8,11.04,1.9,434260,0.77,4.37,7.59,443466,40008,32982,2527,2463
VIP_011,2/3,-95,-8,3.93,3.47,9.8,15.4,598687,1.67,3.83,0.95,294536,49440,42035,4872,1811
VIP_012,2/3,-95,-12,1.11,4.66,4.76,7.5,650277,0.44,3.5,6.3,403443,14439,15850,2867,2139
VIP_013,2/3,-89,-16,1.89,5.32,0.95,15.6,497402,2.74,3.93,2.48,479584,43336,33405,885,1147
VIP_014,2/3,-90,-8,4.72,3.02,2.05,3.5,623614,0.59,2.5,9.82,566447,17225,28014,3801,2729
VIP_015,2/3,-97,-15,1.34,5.22,1.07,0.8,985984,3.12,1.29,3.26,928310,6604,19712,4116,1352
VIP_016,2/3,-107,-9,3.23,1,11.44,1.9,577579,1.56,4.89,10.7,169898,49930,24774,3787,979
VIP_017,2/3,-92,-15,4.99,4.7,8.84,19.3,614227,1.4,1.84,8.04,161701,41462,15362,2490,2541
VIP_018,2/3,-86,-6,3.65,3.73,4.58,1.9,382215,3.12,4.06,7.53,991470,28726,40983,2831,2390
VIP_019,2/3,-81,-6,3.91,4.39,7.09,5,213839,4.57,3.89,5.18,553607,10496,28170,1983,2150
VIP_020,2/3,-79,-11,2.97,3.85,3.52,5.2,101738,3.36,2.1,1.19,737810,17743,34225,3615,1009
VIP_021,2/3,-87,-12,5.17,0.13,10.94,11,624504,4.9,0.94,11.62,765668,29501,6944,2521,1338
VIP_022,2/3,-96,-9,3.02,0.56,3.52,11.7,375247,4.87,2.88,7.25,270594,47672,33031,610,1591
VIP_023,2/3,-109,-10,4.01,3,11.05,0.9,176002,2.23,2.32,8.32,918374,33182,24505,1472,2604
VIP_024,2/3,-79,-7,0.92,4.42,4.71,3.1,987360,5.34,3.25,6.41,794757,21435,26607,3687,934
VIP_025,2/3,-107,-11,2.18,0.63,6.57,1.7,620237,2.13,1.99,5.32,660258,3915,15826,4960,2398
VIP_026,2/3,-76,-11,0.7,0.17,5.66,13.9,844649,4.01,0.32,2.21,185322,16040,23725,4424,938
VIP_027,2/3,-111,-6,2.41,3.45,4.35,17.9,569092,5.26,4.83,6.83,800876,7710,32644,2955,1861
VIP_028,2/3,-99,-16,2.03,2.68,10.47,19.7,282707,1.52,2.53,5.95,736654,7253,14784,2084,1557
VIP_029,2/3,-94,-8,0.35,4.71,3.49,11.3,468945,3.9,2.42,11.41,702618,39225,36663,4002,82
VIP_030,2/3,-80,-15,4.23,1.86,7.82,14.5,892317,5.32,0.75,2.34,629262,2812,47404,4658,1530
VIP_031,2/3,-67,-16,3.26,4.59,10.26,13.8,283495,4.42,4.49,3.67,573114,18898,32556,2010,1984
VIP_032,2/3,-91,-15,3.51,2.42,3.45,7.8,886359,1.51,4.88,7.62,697397,7978,43801,1062,1796
VIP_033,2/3,-115,-10,3.29,1.1,1.57,17.1,284245,4.87,2.17,8.57,188272,25268,12151,1108,2453
VIP_034,2/3,-110,-6,1.1,5.49,11.81,14.2,538921,5.08,2.71,10.94,921268,28448,29933,1965,803
VIP_035,2/3,-84,-6,2.66,4.43,5.1,0.9,490312,5.45,0.32,4.28,950365,7363,32301,3205,1224
VIP_036,2/3,-106,-15,5.38,3.48,1.66,4.7,766500,0.83,4.98,7.11,521245,46729,44746,2758,2705
VIP_037,2/3,-65,-15,4.3,2.98,8.98,16,148833,1.95,1.92,0.63,586395,5707,25052,4088,240
VIP_038,2/3,-80,-14,2.47,0.8,5.85,9,578311,3.78,1.52,9.53,237770,12713,13234,887,1506
VIP_039,2/3,-72,-12,0.54,3.23,10.71,12.6,994511,0.16,1.19,5.77,551556,48681,25097,4174,2195
VIP_040,2/3,-116,-16,0.93,3.35,7.62,4.1,617815,4.05,2.05,6.39,270872,27376,43266,1605,980
VIP_041,2/3,-109,-13,4.11,1.56,8.05,5.3,736368,4.11,4.97,3.27,231063,34456,32560,4164,1272
VIP_042,2/3,-105,-8,3.19,3.91,8.76,17.1,664952,1.13,1.42,2.64,903015,3574,24346,3075,863
VIP_043,2/3,-111,-12,0.33,1.46,10.89,16.8,970148,3.65,2.27,0.59,632377,4684,15722,1818,2936
VIP_044,2/3,-84,-12,0.13,0.16,7.25,16.8,146201,3.38,5.17,10.01,621505,48041,6082,2661,544
VIP_045,2/3,-75,-16,0.95,0.82,8.15,8.5,592831,5.29,5.19,2.26,553947,15605,26890,1565,1275
VIP_046,2/3,-116,-7,1.22,3.08,5.94,8.3,559474,0.11,1.09,0.57,683721,3615,17959,2254,166
VIP_047,2/3,-93,-9,3.03,3.46,6.4,14.1,951127,5.1,2.13,2.56,645102,16408,39813,3206,2362
VIP_048,2/3,-101,-15,2.72,1.23,11.81,13.8,978763,4.42,1.35,9.44,752210,45748,48599,2884,1383
VIP_049,2/3,-102,-15,2.17,3.61,5.44,8.9,240182,0.12,1.77,0.21,867639,34404,42832,2593,2608
VIP_050,2/3,-65,-14,5.43,4.75,3.13,19.5,290064,3.26,3.05,10.21,697620,19849,26243,3993,250
VIP_051,2/3,-70,-6,4.2,4.29,1.83,2.4,105833,4.23,4.24,1.87,131014,36562,12120,587,588
VIP_052,2/3,-98,-12,2.88,1.6,8.86,5.6,464760,3.43,5.06,11.38,655810,14457,17337,3427,2126
VIP_053,2/3,-69,-16,3.68,3.69,10.99,4.1,419089,1.05,1.62,1.26,252293,46919,13063,3613,1429
VIP_054,2/3,-104,-9,4.72,2.62,1.55,14,861483,4.62,4.55,11.18,411393,7105,7978,3253,1841
VIP_055,2/3,-89,-6,0.92,4.2,11.4,9.4,511918,4.88,3.75,3.13,286421,15123,5899,1166,2552
VIP_056,2/3,-102,-13,3.28,4.34,1.08,19.6,330311,2.82,5.24,2.85,119079,24784,16294,4907,2494
VIP_057,2/3,-66,-11,4.39,1.04,2.39,16,100730,1.81,3.37,7.99,900463,43924,40074,956,2955
VIP_058,2/3,-112,-6,2.83,5.31,3.92,11.1,531878,0.94,5.5,5.58,789406,28312,9208,305,2785
VIP_059,2/3,-104,-7,1.85,2.68,5.55,4.8,144813,1.54,0.22,11.69,430236,8876,29804,2519,2024
VIP_060,2/3,-68,-9,3.32,1.9,4.01,9.3,380979,4.69,0.68,3.43,111125,28585,2518,1415,1250
VIP_061,2/3,-63,-14,1.12,4.36,4.86,9.6,438914,0.66,4.64,2.26,904780,40945,42668,311,361
VIP_062,2/3,-93,-10,2.93,4.57,0.88,11.5,261814,3.67,1.1,9.78,129194,35665,13147,1681,1053
VIP_063,2/3,-114,-12,5.44,0.49,4.24,1.3,853223,2.86,4.35,3.89,391739,49507,17048,4665,2651
VIP_064,2/3,-66,-15,3.88,3.39,0.75,1.3,491080,1.81,1.46,11.24,526260,32208,32259,1235,1935
VIP_065,2/3,-71,-12,0.9,0.28,4.53,10.5,830744,3.66,4.23,2.6,998649,8999,39878,344,2123
VIP_066,2/3,-67,-16,2.61,0.07,10.79,14.1,144838,0.66,1.56,8.07,530721,14702,36785,1262,2277
VIP_067,2/3,-83,-11,4.01,5.3,8.81,2.2,484967,0.78,5.11,9.06,599967,20826,25057,2682,1591
VIP_068,2/3,-84,-15,2.73,5.07,2.75,5.3,637017,4.22,2.39,3.6,176328,4154,7125,4252,353
VIP_069,2/3,-71,-14,3.14,4.87,6.56,2,438990,3.26,0.21,7.33,556522,26870,48491,2386,2350
VIP_070,2/3,-73,-13,5.01,2.48,11.57,1.6,986159,3.88,0.43,2.13,556463,28980,28188,2486,1736
VIP_071,2/3,-114,-15,0.11,5.17,8.24,8.1,723588,2.26,4.3,1.91,428077,14351,37279,4522,1333
VIP_072,2/3,-81,-14,3.58,2.08,8.71,18.3,140766,0.37,2.55,0.75,387300,9603,47619,1795,812
VIP_073,2/3,-113,-9,4.4,2.38,7.03,1.5,545926,1.17,4.82,3.48,618033,40260,30719,4003,2148
VIP_074,2/3,-82,-7,2.18,1.4,11.79,18.2,901737,2.62,2.93,8,357651,12564,41867,2042,2614
VIP_075,2/3,-66,-16,0.79,4.92,2.58,12.2,906762,5.03,3.03,6.45,673997,39162,14517,194,116
VIP_076,2/3,-94,-16,1.28,0.45,7.57,15.9,168824,1.14,4.89,10.22,202512,3484,46407,1223,1262
VIP_077,2/3,-75,-15,2.68,3.65,6.91,20,680335,2.22,1.42,0.75,881971,31009,26849,267,2483
VIP_078,2/3,-103,-7,0.23,4.15,6.48,19.2,538275,1.68,4.85,8.96,339878,9182,26837,2874,702
VIP_079,2/3,-80,-15,2.09,0.28,9.51,7.8,238140,0.59,2.04,8.84,771269,2503,21684,2345,2270
VIP_080,2/3,-79,-16,0.06,2.73,4.68,4.2,748528,0.43,0.86,1.65,466372,9605,43174,849,1860
VIP_081,2/3,-102,-8,4.2,2.39,10.27,9,409240,3.97,2.44,3.39,623011,28694,9289,2174,1540
VIP_082,2/3,-72,-14,5.48,1.74,6.41,5.6,473411,1.43,0.69,11.74,328679,25029,28697,4404,1105
VIP_083,2/3,-114,-15,1.81,1.78,6.13,6,277158,2.39,3.67,7.56,672828,7932,11013,964,388
VIP_084,2/3,-108,-13,2.41,0.93,9.3,16,532685,4.09,1.21,10.71,369278,43666,43769,885,618
VIP_085,2/3,-66,-6,5.09,5.17,3.8,15.3,187845,0.85,1.28,7.8,513542,8004,44265,4603,1121
VIP_086,2/3,-63,-8,1.23,0.96,0.5,13.1,580836,3.53,0.18,5.34,731863,44901,2907,2789,2484
VIP_087,2/3,-81,-6,3.63,2.33,7.06,15.5,225472,0.08,3.67,10.67,908724,42223,43561,2164,126
VIP_088,2/3,-99,-11,1.37,2.93,8.39,12.1,806852,4.68,0.89,4.27,994413,9224,24175,3085,1842
VIP_089,2/3,-99,-16,4.26,4.05,0.8,8.3,892543,3.7,1.57,10.05,973090,5892,10176,4776,1444
VIP_090,2/3,-61,-11,5.13,3.94,3.04,13.2,822659,4.97,4.09,3.25,632052,18335,38752,2086,424
VIP_091,2/3,-86,-7,3.31,2.69,7.5,11.7,758480,0.68,0.79,5.96,714041,3904,28605,406,711
VIP_092,2/3,-74,-12,0.76,2.51,11.09,16.6,700571,1.56,2.84,9.63,411786,17303,38383,3560,1493
VIP_093,2/3,-119,-8,1.83,2.53,0.48,12.8,865970,3.54,4.94,10.21,612201,9922,31491,300,2231
VIP_094,2/3,-74,-15,0.58,3.75,5.35,14.1,883219,0.36,4.63,8.92,862712,35826,17233,2445,1733
VIP_095,2/3,-62,-16,0.61,1.75,0.47,8.1,709294,0.43,2.3,9.11,104714,41005,10945,3110,1535
VIP_096,2/3,-99,-7,4.64,4.89,4.18,17.1,661219,3.2,3.33,4.64,663586,22435,8160,1228,1797
VIP_097,2/3,-86,-9,3.5,1.64,4.94,13,947279,0.32,1.3,1.05,984052,16218,7337,2597,731
VIP_098,2/3,-88,-15,3.06,2.13,0.15,12.5,483963,4.79,3.29,0.24,727761,42420,18317,1235,601
VIP_099,2/3,-112,-11,4.01,1.84,7.28,10.2,954540,3.37,3.53,9.45,592554,14971,16056,2670,2317
VIP_100,2/3,-98,-9,3.02,2.69,3.65,4.9,447196,2.52,2.9,3.66,962594,41696,41608,4844,32
VIP_101,2/3,-89,-7,0.53,2.26,10.24,12.6,537422,2.47,1.32,9.25,828225,42161,6680,4082,1669
VIP_102,2/3,-97,-8,4.72,2.86,0.39,14.9,923578,3.1,5.31,5.31,308410,12264,43773,1529,94
VIP_103,2/3,-75,-11,3.13,1.1,2.16,16.7,991981,1.89,3.47,7.21,212310,12696,8990,518,2565
VIP_104,2/3,-64,-7,0.19,4.22,6.93,1.4,166985,3.22,0.08,3.67,239603,29976,20500,192,2731
VIP_105,2/3,-107,-11,0.08,5.27,7.61,16.9,405149,4.5,3.47,4.57,416937,3421,14744,1089,1097
VIP_106,2/3,-75,-7,3.42,0.05,4.78,13.7,257678,3.01,3.38,8.05,524441,14816,22003,2137,2016
VIP_107,2/3,-106,-10,3.06,3.51,4.22,10.5,490887,3.35,2.13,5.88,174475,18260,33262,2571,1393
VIP_108,2/3,-76,-6,0.12,3.73,8.13,14.4,564770,1.68,3.89,10.87,994017,5404,10001,299,16
VIP_109,2/3,-83,-11,2.32,4.09,1.48,3.8,607180,2.86,5.37,4.19,931891,16434,3961,4151,1597
VIP_110,2/3,-85,-15,2.02,3.61,6.54,0.6,562882,3.51,5.25,11.29,716213,26881,32537,1483,1340
VIP_111,2/3,-74,-11,0.32,4.51,11.84,1.1,419016,3.33,1.2,2.11,993541,40628,4923,2502,302
VIP_112,2/3,-80,-7,0.24,2.5,9.09,11.1,279342,3.29,1.54,7.96,615894,46550,6150,3990,2221
,,,,,,,,,,,,,,,,
,,,,,,,,,,,,,,,,
VIP_001,2/4,-60,-13,0.83,0.33,0.63,17.4,345316,3.59,2.42,1.11,375090,17267,4184,3650,1366
VIP_002,2/4,-95,-15,1.06,2.78,4.86,1.7,996115,4.97,3.88,7.57,713869,30157,11340,3782,530
VIP_003,2/4,-114,-16,3.92,1.45,11.24,10,383649,3.97,1.67,2.89,535275,28781,45530,4828,502
VIP_004,2/4,-78,-10,0.29,5.03,1.1,15.7,539535,4.97,2.1,4.94,521755,12698,42672,570,86
VIP_005,2/4,-79,-7,1.44,3.31,5.09,16.8,717288,3.22,4.06,9.69,796802,13048,13686,1335,1354
VIP_006,2/4,-96,-6,0.67,2.3,1.9,15.5,129924,4.15,5.29,5.19,658120,32196,24514,351,778
VIP_007,2/4,-91,-16,2.27,2.66,4.28,17.7,224793,1.79,5.1,6.16,621105,20210,43345,3643,2252
VIP_008,2/4,-91,-8,0.42,1.21,3.31,3.7,484849,4.35,5.09,0.29,440250,45040,34072,2911,85
VIP_009,2/4,-118,-13,0.95,3.72,8.06,14.4,766247,5.26,5.26,2.09,944945,45427,10502,4876,2933
VIP_010,2/4,-82,-15,2.95,3.87,4.39,9.3,311441,3.93,4.86,0.91,975045,1009,7853,641,2922
VIP_011,2/4,-104,-8,0.5,4.12,5.55,1.8,155996,1.73,4.32,3.93,426313,16147,12779,1492,1567
VIP_012,2/4,-98,-9,3.12,1.93,2.73,2.4,215324,1.21,0.05,6.28,303348,28059,27209,2249,1486
VIP_013,2/4,-100,-16,3.3,3.85,10.87,4.5,286676,1.91,5.32,6.46,367411,30294,22878,3963,1365
VIP_014,2/4,-99,-6,5.43,0.99,7.56,16.2,778208,1.03,4.77,7.99,736274,38113,49142,4903,1129
VIP_015,2/4,-95,-16,2.41,4.03,2.03,3.2,636132,0.68,1.92,4.66,738700,39852,16578,170,2567
VIP_016,2/4,-115,-15,4.07,0.59,2.53,2,420718,1.4,1.2,8.96,404378,4539,1656,4069,2809
VIP_017,2/4,-98,-7,3.59,0.43,3,15.2,221463,2.3,4.06,1.27,632004,45694,22346,4493,2159
VIP_018,2/4,-89,-6,1.79,0.41,8.98,19.2,962653,1.39,2.03,1.26,219495,43637,22005,1489,703
VIP_019,2/4,-66,-6,5.32,5.47,1.28,3.6,648214,3.07,3.24,1.06,651064,32471,32342,766,2873
VIP_020,2/4,-95,-16,3.43,1.46,7.19,2.7,507369,5.15,2.43,2.56,848825,34760,48367,776,1097
VIP_021,2/4,-69,-7,5.06,1.53,5.78,0.7,351864,5.06,0.68,2.33,937715,5850,25981,2832,2181
VIP_022,2/4,-60,-9,3.86,3.83,5.4,18.2,331145,3.3,4.25,6.61,831992,37153,42046,2398,462
VIP_023,2/4,-79,-11,0.97,2.6,1.32,10.7,678963,3.97,4.38,8.02,381949,9016,29878,1178,737
VIP_024,2/4,-66,-12,5.46,1.97,2.06,11.8,955415,0.56,2.03,8.25,294053,3513,14539,1535,1666
VIP_025,2/4,-66,-11,3.66,3.02,8.23,7.4,955343,4.97,2.1,11.79,977918,40157,16058,4743,234
VIP_026,2/4,-76,-10,3.64,5.21,1.31,2.6,656118,4.45,0.9,1.16,737740,11348,8970,795,2038
VIP_027,2/4,-71,-16,4.55,4.72,2.78,20,212221,4.1,2.61,7.01,773561,20019,18576,47,2470
VIP_028,2/4,-108,-7,3.65,0.43,2.55,6.5,431050,3.86,3.51,0.36,542764,17171,33561,3203,1418
VIP_029,2/4,-106,-13,2.09,3.77,5.56,6.7,379840,1.09,1.74,1.5,149226,20975,36348,3294,1447
VIP_030,2/4,-107,-12,2.32,2.56,10.33,16.7,245573,5.46,5.44,6.32,186892,14893,12085,1506,2996
VIP_031,2/4,-92,-9,1.39,1.23,4.05,13.8,706484,5.28,5.45,8.92,947152,44993,44897,1648,1359
VIP_032,2/4,-110,-11,4.07,5.5,5.57,8.1,886360,2.19,1.44,10.52,464333,8236,6896,1894,2251
VIP_033,2/4,-113,-14,5.11,3.58,7.48,16.5,360496,4.52,2.71,9.46,604119,33802,22292,3712,2175
VIP_034,2/4,-114,-16,1.16,5.5,9.32,16.3,254788,1.34,4.37,6.82,791219,11301,30504,4118,1804
VIP_035,2/4,-99,-15,2.34,0.78,7.85,7.2,610892,1.18,0.8,10.79,255429,45271,48315,2750,1124
VIP_036,2/4,-81,-8,0.98,4.29,0.93,8.8,940580,5.48,0.05,3.22,342046,15249,12825,3983,2802
VIP_037,2/4,-63,-8,3.18,2.26,6.44,7.6,999054,2.61,2.81,3.18,585133,23467,34938,158,1958
VIP_038,2/4,-117,-10,1.52,4.97,7.82,14.1,947142,3.93,2.76,2.43,499341,28186,19463,568,1206
VIP_039,2/4,-99,-11,4.92,0.39,4.41,5.9,242836,4.59,0.76,3.75,495166,23211,25034,871,1968
VIP_040,2/4,-95,-8,3.62,3.2,5.43,3.6,682988,4.34,3.06,4.23,514401,45453,36573,434,2481
VIP_041,2/4,-73,-16,1.31,3.56,8.21,17.4,961212,4.7,3.51,10.18,472426,4930,29114,2075,743
VIP_042,2/4,-106,-11,4.7,1.41,5.06,13.3,989943,4.88,2.73,3.12,253613,15010,38504,2818,1886
VIP_043,2/4,-80,-9,1.09,3.15,4.11,13.8,821978,4.79,0.98,11.96,854350,6323,42536,2425,1000
VIP_044,2/4,-115,-7,4.35,5.19,8.22,16.3,871492,4.1,1.15,11.26,316396,45506,28158,2741,1394
VIP_045,2/4,-108,-11,1.14,3.87,1.67,16.5,696993,1.55,5.04,10.67,845639,35279,31947,165,1424
VIP_046,2/4,-78,-12,3.72,4.07,9.42,9.7,118376,0.66,3.73,1.2,970783,40456,21465,1307,2454
VIP_047,2/4,-84,-10,5.08,0.57,10.9,7.2,149968,1.69,2.86,7.34,277256,33560,12599,1209,2663
VIP_048,2/4,-118,-7,5.27,2.9,1.03,2.9,305380,3.47,1.45,10.29,347348,3171,38777,3425,1183
VIP_049,2/4,-71,-6,4.61,0.34,11.23,11.5,548925,3.38,1.13,3.99,583144,48267,2669,4769,1809
VIP_050,2/4,-78,-15,4.28,0.39,9.77,2.7,817183,5.41,2.05,8.74,642838,4453,26380,656,1545
VIP_051,2/4,-103,-13,3.17,2.81,4.27,3.9,997104,0.71,4.78,9.02,107970,22374,46499,1179,1372
VIP_052,2/4,-104,-10,2.52,4.86,5.19,15.5,577118,0.41,0.09,10.24,122260,25481,46833,740,2605
VIP_053,2/4,-95,-9,3.95,2.7,0.19,16.7,149444,1.82,2.59,6.99,597063,3832,16964,656,2304
VIP_054,2/4,-106,-16,0.27,4.91,3.12,16.2,885660,0.65,1.02,2.67,414886,13450,17741,1678,2404
VIP_055,2/4,-81,-16,0.19,0.45,1.06,2.3,117698,4.35,1.28,9.49,807404,2131,7485,2426,407
VIP_056,2/4,-60,-7,4.95,4.44,3.41,13.7,467242,5.14,3.19,7.06,192606,2375,39846,688,650
VIP_057,2/4,-99,-16,5.37,0.78,11.57,13,576171,5.21,3.87,11.04,726464,31377,16797,4899,1792
VIP_058,2/4,-75,-16,0.19,0.69,7.28,10.7,946254,4.85,4.99,3.28,582601,38008,21576,4891,963
VIP_059,2/4,-83,-13,0.52,1.29,4.6,4.6,759986,0.8,1.96,7.06,347222,40677,24431,2980,2334
VIP_060,2/4,-68,-12,3.3,1.68,3.24,6.2,770231,1.28,0.95,3.38,281344,23220,10541,2205,2605
VIP_061,2/4,-61,-9,4.75,0.33,7.99,1.2,786305,1.61,3.46,7.6,299155,40286,32589,1393,1670
VIP_062,2/4,-106,-14,1.6,1.62,0.22,6.9,630076,1.42,0.7,1.25,352948,35347,46541,3092,2591
VIP_063,2/4,-105,-9,0.49,3.33,5.99,16.3,110310,2.26,1.16,6.76,585227,9978,12140,3747,1399
VIP_064,2/4,-93,-7,4.09,3.86,7.69,4.2,406304,5.2,4.14,6,208534,15828,33966,4689,33
VIP_065,2/4,-83,-8,4.74,1.82,3.27,1,846907,1.54,4.35,7.11,850095,40190,24352,1066,170
VIP_066,2/4,-109,-7,5.22,1.06,10.26,13.1,407066,2.17,2.31,7.64,289933,23214,16975,2453,559
VIP_067,2/4,-113,-14,3.51,1.39,2.97,18.5,247782,3.66,1.96,11.77,563475,37884,23246,1361,1613
VIP_068,2/4,-115,-9,0.9,3.55,8.75,18.5,707548,5.41,1.3,8.76,620621,13238,2544,3133,2573
VIP_069,2/4,-66,-16,5.11,0.65,8.37,1.5,694087,2.65,4.47,0.63,211490,42890,46646,195,1249
VIP_070,2/4,-77,-13,1.57,4.78,0.63,6.4,750229,2.3,5.26,2.91,769110,1917,41467,4429,2659
VIP_071,2/4,-110,-7,3,1.63,2.32,10.1,496918,1.74,2.96,1.16,900516,46308,46245,98,894
VIP_072,2/4,-62,-11,1.42,2.58,1.37,5.2,924685,5,4.47,10.61,483561,3947,48046,3116,2958
VIP_073,2/4,-62,-16,5.3,5.47,3.8,5.9,306379,2.59,1.84,4.76,834928,20051,39034,2119,2439
VIP_074,2/4,-74,-13,1.31,5.28,4.56,19.6,830245,1.99,1.58,7.32,534463,14014,13227,727,23
VIP_075,2/4,-62,-7,3.13,1.78,2.24,0.6,823119,2.23,4.26,2.65,460723,19876,16415,1976,2817
VIP_076,2/4,-70,-8,3.11,3.65,3.47,15.3,293456,3.34,0.5,8.77,211239,43560,17491,146,2324
VIP_077,2/4,-100,-9,1.28,3.59,1.8,15.3,954196,4.3,1.35,2.99,864266,18958,20578,2509,227
VIP_078,2/4,-70,-11,1.72,2.85,6.23,9.8,171261,4.61,5.17,1.71,824918,1993,18266,1879,440
VIP_079,2/4,-97,-12,4.11,0.4,8.49,15.3,352890,5.07,0.21,1.56,540894,10816,9590,654,1907
VIP_080,2/4,-83,-10,0.23,5.23,10.41,18,821776,3.39,1.5,1.16,962636,9118,5039,3131,290
VIP_081,2/4,-69,-14,3.64,1.33,11.12,19.9,253409,0.28,1.14,9.22,633527,16156,26912,4182,982
VIP_082,2/4,-63,-12,5.38,4.31,7.94,6.7,787813,2.96,2.01,1.06,949145,9500,17643,4860,616
VIP_083,2/4,-112,-10,4.16,0.81,3.28,5.6,607044,0.3,0.16,6.56,585646,19639,10453,244,774
VIP_084,2/4,-89,-6,0.78,3.54,4.09,3.4,676635,5.31,1.42,3.29,970568,42632,30823,1556,781
VIP_085,2/4,-94,-10,1.74,1.41,7.66,15,225243,4.84,1.55,4.12,190313,24387,47214,1761,1020
VIP_086,2/4,-85,-9,3.42,5.13,6.6,10.6,447000,1.18,0.82,8.08,881487,23366,10253,1097,1424
VIP_087,2/4,-70,-9,2.8,3.96,8.39,17.4,851301,1.31,0.39,4.1,751438,34595,38299,2216,69
VIP_088,2/4,-95,-16,1.07,4.46,4.62,19,293861,2.6,0.78,7.64,516935,47727,27760,3123,2498
VIP_089,2/4,-115,-12,4.58,5.5,2.26,0.5,700535,0.91,2.48,7.49,366982,37197,15674,3659,2172
VIP_090,2/4,-89,-15,0.39,5.42,4.6,18.5,911508,2.5,4.71,5.2,434377,39851,31408,1118,138
VIP_091,2/4,-60,-11,3.23,0.68,7.96,18.4,517928,2.28,1.09,8.66,263962,4118,21592,621,2887
VIP_092,2/4,-100,-15,1.67,2.17,0.89,7,944735,3.92,2.12,7.6,864625,5875,6312,1650,1920
VIP_093,2/4,-90,-15,1.82,1.99,10.57,0.5,210037,0.87,0.24,6.87,446148,14909,24090,3764,1141
VIP_094,2/4,-96,-16,4.34,1.59,10.76,19.2,239108,1.33,2.39,5.22,590452,12692,4776,2064,461
VIP_095,2/4,-78,-13,4.04,3.8,2.15,17.5,405373,1.5,1.41,6.8,865630,42819,11131,3602,2119
VIP_096,2/4,-70,-12,1.49,0.08,5.48,14.8,870484,5.27,2.23,10.53,431901,48782,30773,3236,1293
VIP_097,2/4,-119,-10,2.29,3.3,7.31,19.5,792275,5.01,2.62,11.57,653964,21855,20410,4083,2582
VIP_098,2/4,-119,-9,5.25,1.16,2.4,2,507896,1.29,5.44,0.68,645555,29606,22734,1470,1868
VIP_099,2/4,-119,-14,1.37,1.53,6.62,13.3,139300,1.05,5.37,10.1,371551,44179,46402,67,2138
VIP_100,2/4,-68,-6,2.53,1.22,0.99,4.2,127186,3.22,2.39,11.95,952932,32956,36019,3823,1409
VIP_101,2/4,-79,-8,1.52,3.39,7.9,14.9,888815,1.17,4.55,8.53,339653,15130,31877,3762,1839
VIP_102,2/4,-71,-16,3.63,5.4,4.42,4.6,784961,0.51,1.11,2.18,928777,4116,33778,2950,565
VIP_103,2/4,-85,-10,2.03,3.88,7.93,14.2,592901,0.99,3.56,1.03,270306,25231,22109,4861,454
VIP_104,2/4,-108,-6,4.56,1.24,4.56,6.6,159354,4.06,4.38,10.46,998263,26389,36954,2810,2135
VIP_105,2/4,-63,-12,1.78,3.42,11,4.6,577625,0.69,0.17,5.44,613431,12114,48147,4065,340
VIP_106,2/4,-97,-7,1.21,1.72,1.02,2.9,715287,3.18,3.81,2.31,347565,17416,2113,2959,2805
VIP_107,2/4,-108,-11,3.16,3.78,6.06,8.5,991320,1.58,4.32,6.75,344110,44206,5690,4894,765
VIP_108,2/4,-100,-9,3.44,4.86,1.11,19.1,244875,2.01,2.35,0.89,740914,35622,4112,229,492
VIP_109,2/4,-110,-12,2.06,2.02,5.05,13.7,299904,1.24,4.06,6.65,928522,29041,13235,2321,67
VIP_110,2/4,-117,-16,1.25,2.93,11.62,14,829225,3.47,3.03,2.61,850258,46700,13418,2699,993
VIP_111,2/4,-71,-7,1.4,4.68,6.02,6.7,801294,4.43,1.92,6.68,343901,37834,19550,1668,1719
VIP_112,2/4,-119,-12,0.6,4.94,3.9,17.5,779120,4.73,4.68,3.44,903041,13292,9096,3655,2860
,,,,,,,,,,,,,,,,
,,,,,,,,,,,,,,,,
VIP_001,2/5,-102,-10,4.96,1.5,10.36,5.9,899021,3.56,0.34,6.01,475585,46579,15732,980,193
VIP_002,2/5,-90,-15,3.72,5.08,9.73,5.1,263460,5.37,3.86,3.2,534906,16530,49560,3484,2859
VIP_003,2/5,-73,-15,2.14,1.56,10.97,17.1,478526,1.58,1.28,3.2,485580,40704,10809,3528,514
VIP_004,2/5,-98,-16,2.22,3.5,11.23,15,800783,0.21,1.86,6.64,473102,7836,36488,165,1001
VIP_005,2/5,-96,-16,4.21,1.42,9.2,4.4,177919,1.16,1.27,2.47,504221,1293,1222,4119,2399
VIP_006,2/5,-87,-14,3.92,1.96,1.77,6.8,624878,4.64,2.08,8.33,856946,2495,33183,799,1105
VIP_007,2/5,-102,-13,2.06,2.69,7.63,5.9,240676,4.42,3.83,6.18,903909,14473,41151,4813,1779
VIP_008,2/5,-117,-13,2.7,4.49,10.49,6.8,173099,2.91,5.05,2.79,400396,28836,6607,279,2719
VIP_009,2/5,-106,-13,4.54,4.23,1.98,13,199836,0.28,0.32,2.15,388982,36902,34692,2066,255
VIP_010,2/5,-97,-6,2.95,2.74,8.86,16.1,307339,4.33,0.79,5.32,629420,7838,33342,1713,2233
VIP_011,2/5,-103,-10,1.13,2.05,1.24,13.3,274626,4.67,0.52,7.42,322201,3805,40628,1535,1467
VIP_012,2/5,-120,-7,4.43,3.84,1.3,10.8,364260,4.75,0.84,8.3,827889,38384,26466,2364,2824
VIP_013,2/5,-120,-13,3.82,2.2,3.31,1.3,384288,1.65,2.3,8.29,150289,2375,25240,2265,190
VIP_014,2/5,-106,-6,3.14,2.84,6.32,14.5,292738,5.06,1.46,8.8,685636,20063,40992,3824,2509
VIP_015,2/5,-101,-11,2.87,3.25,7.24,7,428213,4.28,2.3,5.26,692978,24617,2809,4265,1103
VIP_016,2/5,-60,-13,1.26,4.3,5.75,15,725559,0.33,0.84,10.97,870588,14920,49265,3964,305
VIP_017,2/5,-106,-15,1.67,3.84,2.67,13.4,283361,1.97,3.77,2.64,988809,39522,12682,965,791
VIP_018,2/5,-63,-9,1.69,2.72,1.56,6.8,151364,0.27,4.25,9.73,503728,6890,20362,521,2908
VIP_019,2/5,-100,-12,0.11,1.73,3.78,5.9,321222,4.4,4.43,8.37,574935,44686,6734,2869,2721
VIP_020,2/5,-103,-11,2.68,5.24,5.42,12.8,466797,2.23,4.03,5.37,541083,5399,7510,2395,955
VIP_021,2/5,-114,-9,1.76,2.25,11.91,8.2,186000,2.46,0.25,9.65,833073,3157,22533,44,2258
VIP_022,2/5,-108,-15,4.46,5.32,11.39,19.5,683334,4.42,5.3,11.65,195397,2907,24644,1650,1780
VIP_023,2/5,-64,-11,2.11,1.5,0.83,11.4,443042,4.54,0.82,9.97,412559,20607,33919,1663,2578
VIP_024,2/5,-116,-15,0.91,5.47,4.54,2.4,937384,4.02,5.09,3.26,352991,44035,19183,3845,1888
VIP_025,2/5,-117,-13,0.34,5.46,0.51,12.4,722480,3.81,5.33,8.57,884253,44726,46052,1944,252
VIP_026,2/5,-115,-9,3.03,5.14,8.63,7.6,328682,0.16,0.88,6.34,289610,3212,34445,919,972
VIP_027,2/5,-89,-13,2.74,4.39,10.63,2.9,433797,0.81,4.12,10.32,751425,5204,25056,3850,2565
VIP_028,2/5,-68,-13,2.75,3.92,10.78,16.9,278248,1.49,3.11,7.16,537930,27406,20764,2423,2282
VIP_029,2/5,-110,-16,1.18,1.64,4.81,15.8,414687,3.62,3.89,3.52,860509,43438,20608,3208,975
VIP_030,2/5,-99,-16,4.62,4.03,6.85,19.2,173492,3.66,1.67,3.99,717800,12613,34242,2977,325
VIP_031,2/5,-108,-14,0.33,2.1,2.79,10.5,551251,2.74,4.41,6.34,544225,39949,42757,3195,2356
VIP_032,2/5,-91,-13,2.5,1.58,9.22,15.9,387816,2.31,3.73,4.57,583626,22981,3922,3559,1647
VIP_033,2/5,-89,-8,5.22,1.41,5.55,4.3,637283,1.17,1.17,8.06,885953,17998,25567,781,378
VIP_034,2/5,-115,-11,4.39,0.31,11.99,12.9,828405,0.91,5.48,9.68,389200,14291,1268,519,493
VIP_035,2/5,-99,-14,5.38,2.9,2.54,6.1,948437,3.28,4.76,6.37,799229,14603,24764,2128,979
VIP_036,2/5,-89,-7,4.56,4.47,10.35,6.3,858534,1.88,0.83,3.53,828087,43269,21115,4048,48
VIP_037,2/5,-98,-13,4.93,1.88,10.89,9.5,432813,4.35,0.53,11.6,884812,49895,6047,371,27
VIP_038,2/5,-102,-7,4.44,5.33,5.64,16.2,909340,1.59,4.74,3.61,259507,34091,10912,4612,1151
VIP_039,2/5,-115,-7,5.26,4.23,7.2,5.4,359207,3.67,3.03,11.76,167880,28317,49978,1975,2269
VIP_040,2/5,-87,-9,4.57,0.98,1.72,15.4,411906,3.71,0.64,3.74,168349,15099,38793,1600,1679
VIP_041,2/5,-100,-16,4.99,2.13,8.18,17.1,806422,2.89,2.46,6.59,876677,16200,45218,4081,1312
VIP_042,2/5,-74,-15,3.49,1.45,9.33,18.3,585539,5.01,3.92,1.18,228044,35654,30935,4160,2756
VIP_043,2/5,-106,-9,4.44,2.73,0.35,6,830898,2.37,4.13,2.75,424923,8842,49935,4205,175
VIP_044,2/5,-96,-10,3.28,1.88,11.19,18.6,430365,0.57,4.91,0.85,413042,24603,26233,1058,2974
VIP_045,2/5,-105,-12,5.38,5.41,1.78,15.3,658914,5.06,4.64,6.55,723149,29970,35111,3277,1406
VIP_046,2/5,-84,-15,0.42,0.13,6.11,8.5,635777,4.14,4.47,7.26,106999,3880,3014,3407,2875
VIP_047,2/5,-79,-6,5.17,4.94,9.41,7.5,294058,2.84,5.49,3.16,763512,20006,49118,140,725
VIP_048,2/5,-75,-9,5.07,0.93,4.32,13.7,649036,2.83,2.17,1.38,940312,19848,29987,1763,2044
VIP_049,2/5,-72,-11,3.16,0.67,6.25,7.7,327665,4.75,2.36,0.72,830444,10767,44199,435,1157
VIP_050,2/5,-100,-13,3.12,3.54,10.28,3.4,926802,1.83,1.76,2.6,103432,45642,32398,1312,2233
VIP_051,2/5,-71,-10,0.36,4.53,3.09,11.4,953601,5.01,0.32,11.62,111649,28185,15410,3860,2490
VIP_052,2/5,-83,-6,2.79,1.81,2.83,14.2,599509,5.13,1.52,0.2,989523,6059,39390,3920,627
VIP_053,2/5,-63,-14,1.63,0.42,3.06,13.5,903253,3.14,3.68,7.95,629066,7053,6563,4613,2971
VIP_054,2/5,-79,-12,1.26,1.35,2.77,18.6,934628,1.16,5.28,2.17,995233,38130,40194,4920,2374
VIP_055,2/5,-60,-13,0.6,3.89,9.38,12.3,421296,4.63,1.8,5.13,840492,24482,48144,1880,898
VIP_056,2/5,-109,-6,2.85,4.13,11.99,0.5,742481,4.24,0.27,4.65,514815,13703,29182,2738,2758
VIP_057,2/5,-92,-14,4.73,3,3.65,11.6,139281,4.32,0.79,9.89,193423,20188,42049,1255,1540
VIP_058,2/5,-69,-12,0.94,5.4,10.86,16.4,418125,1.26,0.11,2.68,783164,22313,38978,552,2709
VIP_059,2/5,-80,-16,4.58,0.34,3.21,1.5,949152,2,4.45,0.41,123055,12725,23645,2924,1448
VIP_060,2/5,-70,-13,0.57,4.21,1.61,11.9,393757,3.93,4.04,4.33,901444,21916,3384,604,1584
VIP_061,2/5,-61,-10,1.11,5.28,3.41,7.4,496030,1.88,4.48,3.55,974918,19757,20847,883,1577
VIP_062,2/5,-98,-13,1.9,1.34,1.62,2.6,908865,1.02,1.78,10.66,481911,11767,10552,435,2216
VIP_063,2/5,-65,-14,4.53,1.64,7.37,4.6,985063,3.69,3.04,6.83,789893,27455,1828,1506,706
VIP_064,2/5,-74,-13,0.52,4.36,1.66,11.3,118625,3.26,2.7,10.63,542920,20352,8824,2173,2038
VIP_065,2/5,-71,-7,4.01,2.77,7.57,17.7,942575,2.68,5.03,10.85,597676,20068,23492,3673,1392
VIP_066,2/5,-72,-13,1.4,3.71,3.81,17.7,142799,0.89,4,9.98,578527,44122,17304,1736,1661
VIP_067,2/5,-114,-6,4,2.36,0.65,16.7,189752,5.5,2.24,7.36,846267,13175,20968,1967,2980
VIP_068,2/5,-88,-11,5.41,2.5,8.96,6.5,105789,4.23,1.02,4.12,992930,10203,4729,4824,1638
VIP_069,2/5,-82,-12,2.32,1.99,1.64,3.8,416568,5.16,3.54,3.68,611267,42979,36102,2077,2801
VIP_070,2/5,-61,-10,4.58,2.68,7.68,5.1,644167,2.4,3.36,5.03,588970,32989,38629,1332,2391
VIP_071,2/5,-69,-13,5.1,1.09,6.57,0.9,403604,4.64,3.36,1.61,518509,20893,25011,679,144
VIP_072,2/5,-98,-9,0.2,0.44,7.48,19.7,577344,2.85,5.07,5.19,978022,48116,24833,369,1126
VIP_073,2/5,-71,-12,0.99,0.82,1.35,2.6,400449,1.89,3.89,7.05,927359,21801,42552,4676,2425
VIP_074,2/5,-90,-11,3.35,0.19,2.09,6.9,768193,0.29,1.06,7.75,557255,41502,46070,3048,1594
VIP_075,2/5,-108,-6,3.49,1.29,11.04,13.2,333700,0.44,1.29,4.02,992449,2987,47246,2422,985
VIP_076,2/5,-79,-8,1.3,0.16,4.77,10.4,988707,3.72,4.26,9.09,391333,32597,46676,180,658
VIP_077,2/5,-79,-14,0.52,0.55,2.24,4.6,308569,1.5,0.31,0.52,404906,41012,6618,4861,1897
VIP_078,2/5,-96,-9,3.73,1.87,1.23,3.9,634696,4.07,2.96,3.97,412887,48879,46893,3685,1398
VIP_079,2/5,-92,-15,1.49,2.16,1,10.7,244193,3.98,4.13,1.69,630589,21498,28454,3226,1424
VIP_080,2/5,-65,-10,4.12,3.44,9.51,0.9,798375,1.72,3.19,6.6,461516,43367,23747,4718,1627
VIP_081,2/5,-95,-14,3.94,5.22,9.77,3.9,738425,4.28,3.89,8.92,164814,16157,8326,260,1041
VIP_082,2/5,-67,-7,5.4,5.14,5.4,2.9,749921,4.58,4.54,7.69,970525,42034,27626,1065,2156
VIP_083,2/5,-99,-11,5.05,0.81,7.03,5.8,400600,1.83,1.15,3.74,194119,15610,17906,2214,1356
VIP_084,2/5,-113,-14,0.83,4.52,10.16,9.3,613083,4.27,1.68,7.86,368606,24156,46839,710,1070
VIP_085,2/5,-115,-15,0.45,4.96,7.39,4.6,235196,5.24,3.11,5.7,917601,15492,48392,1355,1905
VIP_086,2/5,-82,-10,3.71,3.49,5.63,5.7,444185,1.94,0.29,0.66,898266,26819,23806,2098,1796
VIP_087,2/5,-96,-9,4.09,2.33,1.84,13.1,885257,0.2,2.06,0.52,210755,28558,41032,3094,347
VIP_088,2/5,-74,-13,2.29,1.17,5.5,16,966277,4.1,0.16,3.19,760330,16254,49990,2565,303
VIP_089,2/5,-91,-13,2.17,5.05,6.45,9.3,611799,0.17,1.09,3.87,196654,39281,19270,3998,2018
VIP_090,2/5,-120,-13,1.47,0.08,11.87,9.9,143537,2.75,0.78,6.55,114423,5560,25706,407,1936
VIP_091,2/5,-84,-11,1.17,4.77,11.5,9.9,532518,0.18,5.24,4.69,488004,25577,42345,3809,772
VIP_092,2/5,-63,-14,5.16,3.32,9.93,8.9,521604,2.44,4.83,1.33,883712,34804,19532,4721,1500
VIP_093,2/5,-112,-10,2.63,5.12,9.43,4.3,704471,2.04,4.26,4.43,216177,17664,28286,1431,1936
VIP_094,2/5,-73,-9,3.71,2.67,9.09,17.8,731778,2.17,3.56,9.02,259552,34794,37865,1335,829
VIP_095,2/5,-97,-8,5.48,4.83,3.12,12.9,991680,1.76,1.81,0.14,440838,19991,4387,2104,628
VIP_096,2/5,-88,-12,5.07,2.56,0.7,8.8,215599,1.79,1.46,4.41,977256,49391,13115,4693,1224
VIP_097,2/5,-103,-12,2.09,2.71,11.96,19.5,500709,4.45,1.48,1.43,378664,11146,28028,4480,2078
VIP_098,2/5,-94,-7,3.65,3.22,3.7,12.5,214262,1.82,0.62,11.41,238191,20805,11853,2825,1376
VIP_099,2/5,-110,-8,1.91,3.86,9.68,19.8,858206,3.34,1.98,9.35,730213,48165,29931,4088,341
VIP_100,2/5,-103,-11,4.26,4.99,6.14,7.5,480893,2.2,2.84,1.22,273422,18555,49454,4922,2728
VIP_101,2/5,-104,-14,4.58,5.34,1.36,3.2,354951,2.96,0.96,9.92,219274,49775,32899,3005,1836
VIP_102,2/5,-65,-6,4.98,2.58,4.74,8.6,894061,0.82,0.74,9.61,176305,49127,18183,1358,707
VIP_103,2/5,-75,-9,1.77,0.34,2.94,16.2,414614,4.47,0.44,10.92,616082,12872,45606,785,2476
VIP_104,2/5,-85,-6,0.26,3.37,11.24,1,727938,2.95,1.7,0.1,712756,45261,27841,2548,2323
VIP_105,2/5,-69,-7,1.22,2.6,7.35,11.8,487519,0.72,0.76,8.52,456543,28515,3605,3652,2612
VIP_106,2/5,-116,-10,5.46,1.53,7.03,11.9,478080,2.06,4.11,7.88,627077,21001,15600,3282,2121
VIP_107,2/5,-96,-16,5.1,1.17,10.08,13.1,536959,2.81,1.75,1.49,706379,28282,33335,1989,2708
VIP_108,2/5,-104,-15,4.29,3.9,0.62,4.8,891852,4.43,4.78,2.23,402978,44774,13478,1487,484
VIP_109,2/5,-112,-12,4.88,3.45,2.94,10.1,981687,3.38,2.48,3.46,490310,23944,40424,1378,1547
VIP_110,2/5,-65,-14,5.02,0.43,4.42,6.9,684656,3.45,2.01,5.11,740475,20265,4817,2712,1950
VIP_111,2/5,-76,-11,4.91,2.87,8.97,10.6,831954,2.21,0.79,7.65,697637,9002,38752,4783,1413
VIP_112,2/5,-114,-8,2.65,3.6,6.86,5.1,528866,1.46,1.47,1.88,211989,24577,30243,3466,1986
,,,,,,,,,,,,,,,,
,,,,,,,,,,,,,,,,
VIP_001,2/6,-78,-13,1.28,4.82,4.54,6.6,381853,0.4,2.91,9.85,661298,16479,28726,179,1886
VIP_002,2/6,-80,-7,4,3.56,1.9,8.6,431991,0.69,4.23,3.1,724065,33168,38661,2505,1825
VIP_003,2/6,-108,-13,4.1,2.76,7.41,15.9,145050,2.63,5.03,10.93,417540,28032,13715,3292,2574
VIP_004,2/6,-98,-15,3.69,5,9.75,2.3,556963,0.76,5.18,11.53,787966,23779,43343,1745,907
VIP_005,2/6,-60,-16,2.09,3.7,6.68,2.3,412834,2.89,0.33,7.39,677142,37101,18576,422,1845
VIP_006,2/6,-88,-14,4.28,0.28,0.65,9.8,743399,1.95,2.89,0.9,662281,39474,49342,1365,2972
VIP_007,2/6,-82,-14,1.51,1.38,1.26,7.9,220227,1.4,1.38,6.46,981544,43427,26155,228,186
VIP_008,2/6,-94,-16,0.65,4.01,11.43,8,720178,3.95,2.55,9.47,642432,43779,32311,3340,1471
VIP_009,2/6,-104,-6,0.39,1.22,3.27,11.5,356027,4.84,3.09,5.47,923488,12301,3622,2626,1694
VIP_010,2/6,-69,-7,5.23,3.93,1.71,7,925697,0.31,3.88,5.2,986087,36581,36429,4922,2207
VIP_011,2/6,-78,-12,0.97,1.81,0.72,19.3,877509,1.1,1.84,6.71,997877,48353,41636,3040,1608
VIP_012,2/6,-74,-9,2.46,2.33,2.52,11.7,340528,0.93,0.93,10.33,679809,49945,10426,1437,847
VIP_013,2/6,-88,-11,1.6,4.16,8.56,5.8,363903,0.91,1.42,8.91,737141,28394,18984,2277,1415
VIP_014,2/6,-90,-13,5.49,1.71,8.76,4.9,846622,2.7,0.78,9.77,274201,49368,6846,1799,2320
VIP_015,2/6,-92,-15,4.22,2.52,6.97,3.7,997247,3.33,2.43,4.94,554785,24113,46996,3432,1560
VIP_016,2/6,-101,-6,1.61,4.05,6.07,18,570475,3.2,5.29,2.63,873971,37633,15121,659,1780
VIP_017,2/6,-102,-9,4.87,4.97,1.3,8.4,302017,3.2,4.34,8.69,858336,23596,26388,13,1251
VIP_018,2/6,-66,-15,1.85,1.19,7.58,2.7,356185,0.95,0.11,2.78,617798,7224,33370,1660,2425
VIP_019,2/6,-86,-10,2.12,0.35,5.67,18.9,295423,3.91,0.6,8.29,557079,31996,45046,3147,957
VIP_020,2/6,-96,-13,1.57,3.45,2.53,16.3,945866,1.46,3.12,7.61,972398,38386,41549,1739,1613
VIP_021,2/6,-85,-7,5.4,4.19,1.28,10.3,310252,2.18,4.78,11.72,698249,19171,23235,4754,133
VIP_022,2/6,-73,-7,0.15,2.15,6.82,13.3,421599,3.15,4.78,5.3,479667,40418,1121,3360,1785
VIP_023,2/6,-71,-9,1.09,3.11,1.73,15.5,947293,3.15,4.33,7.29,712759,8653,6252,4688,2441
VIP_024,2/6,-85,-15,0.49,3.61,2.14,7.6,390497,3.45,0.42,11.03,879720,33475,12852,4330,1816
VIP_025,2/6,-84,-14,4.98,4.2,10.09,16.2,900207,2.58,3.82,0.75,125241,49061,26584,4173,1902
VIP_026,2/6,-112,-9,0.33,2.68,2.54,14.7,333807,3.73,5.39,4.45,285025,15123,4836,4632,2690
VIP_027,2/6,-106,-12,4.57,3.49,0.09,14.6,286955,0.46,1.11,4.34,852814,12867,31999,3785,303
VIP_028,2/6,-71,-14,4.43,1.99,4.61,11.3,101540,4.65,2.36,1.64,223757,15742,46400,739,913
VIP_029,2/6,-98,-11,0.48,4.76,10.48,18.9,905689,4.22,3.3,5.9,380573,13331,1140,4017,2034
VIP_030,2/6,-117,-13,3.99,2.38,8.56,5.7,411716,1.24,1.31,2.7,833215,16310,34056,2475,335
VIP_031,2/6,-76,-11,4.77,0.64,0.12,9.3,372820,0.65,2.39,1.68,379952,20455,44295,4927,2074
VIP_032,2/6,-78,-6,0.05,5.49,4.97,1.8,612754,3.84,0.23,1.89,443153,44389,24334,4878,2395
VIP_033,2/6,-105,-11,3.49,4.93,11.52,12,895114,1.32,0.64,2.39,588181,1197,11523,1937,57
VIP_034,2/6,-107,-9,0.65,1.42,10.64,2.1,939574,2.88,3.78,10.42,805799,1348,21485,1543,818
VIP_035,2/6,-78,-16,2.2,4.29,5.68,6,202608,0.65,4.73,6.68,997364,43033,38661,1266,2783
VIP_036,2/6,-82,-11,2.41,2.2,11.73,8.6,434940,4.88,1.01,6.09,616065,7136,46607,2070,2745
VIP_037,2/6,-73,-11,1.45,0.66,3.09,14.5,574761,2.52,3.18,11.1,967066,38712,22916,2205,225
VIP_038,2/6,-95,-6,1.5,4.06,11.93,11.6,364709,3.47,3.11,8.41,397953,34568,35095,447,1669
VIP_039,2/6,-108,-6,1.08,4.8,9.58,15.5,495767,2.51,2.68,11.47,160867,20374,11428,1320,1170
VIP_040,2/6,-103,-7,4.19,3.12,9.53,16.5,536921,0.63,0.78,3.59,481108,36743,4826,4573,104
VIP_041,2/6,-76,-10,2.31,1.94,9.79,10.3,623376,0.68,2.21,6.67,239080,26593,3717,1911,881
VIP_042,2/6,-116,-11,0.23,0.29,0.51,7.2,337836,1.4,4.57,0.87,254893,9918,11804,3688,2205
VIP_043,2/6,-69,-9,3.94,0.34,3.91,19.2,688683,0.19,3.35,1.81,274498,19731,29489,1172,2143
VIP_044,2/6,-74,-14,3.63,0.58,0.45,1.4,404188,5.24,4.08,1.35,484759,42926,22459,810,1148
VIP_045,2/6,-111,-10,0.32,3.08,7.66,10.7,412790,3.15,0.38,10.18,746593,24167,33200,1397,96
VIP_046,2/6,-70,-15,4.33,1.11,1.5,9.1,274145,3.38,2.68,8.31,903500,9408,36351,2027,1482
VIP_047,2/6,-71,-8,2.9,3.85,4.26,16.6,241527,2.55,2.89,2.62,930054,41653,47109,2254,101
VIP_048,2/6,-61,-16,2.72,5.42,0.48,14.3,963815,4.17,3.55,0.63,929752,8790,36306,3720,22
VIP_049,2/6,-104,-8,4.79,4.02,1.3,15.1,302063,5.49,1.66,0.42,590222,44764,17191,270,681
VIP_050,2/6,-114,-16,5.02,1.83,11.52,1.6,312697,2.49,1.11,2.33,649740,6268,15849,3028,2482
VIP_051,2/6,-80,-10,0.3,4.33,0.45,13.4,757529,5.39,2.72,9.91,946519,2467,25358,4774,572
VIP_052,2/6,-67,-12,4.45,0.11,7.43,9,885041,0.24,4.99,10.57,454717,10133,15168,4491,777
VIP_053,2/6,-104,-16,3.96,5,9.71,5.6,807958,3.72,3.72,0.27,600249,44935,18795,2235,2730
VIP_054,2/6,-80,-9,2.19,4.59,1.43,6.7,821709,2.86,2.18,9.96,532342,10469,30892,3934,2929
VIP_055,2/6,-99,-15,0.15,0.53,11.02,17.1,763218,3.2,4.01,10.84,124410,12497,21108,326,101
VIP_056,2/6,-104,-8,2.58,4.75,1.98,6.8,933525,1.4,4.62,5.06,668568,38795,17845,996,2482
VIP_057,2/6,-67,-16,1.35,0.46,1.52,13.6,286615,0.95,4.44,3.61,793869,7433,39486,1850,682
VIP_058,2/6,-85,-14,1.56,5.38,2.26,9.4,752775,1.19,2.37,8.55,139656,16395,34625,2587,2868
VIP_059,2/6,-114,-10,5.41,1.71,1.35,3.7,230131,3.44,0.12,0.57,247574,38947,24696,53,821
VIP_060,2/6,-118,-10,4.23,4.88,9.91,18.4,519851,4.02,3.85,2.62,277036,49290,29507,1208,790
VIP_061,2/6,-95,-6,0.19,4.81,9.77,11.2,305268,4.12,1.28,1.51,247160,28343,32101,4366,1305
VIP_062,2/6,-94,-16,3.42,1.66,4.93,7.3,199013,2.6,0.61,10.59,721164,27462,16218,4931,2975
VIP_063,2/6,-79,-11,2.56,1.67,1.97,4.9,438283,4.44,2.69,6.78,295904,6666,13164,847,1381
VIP_064,2/6,-109,-15,0.36,0.28,3.37,2,156801,2.69,0.55,8.06,114016,36056,16210,4024,280
VIP_065,2/6,-83,-8,3.88,3.06,4.31,17.5,147803,4.46,2.3,3.21,369837,12259,17433,4020,1719
VIP_066,2/6,-93,-12,2.26,4.24,2.8,1.3,524436,2.17,3.46,5.26,342608,10804,49325,4376,573
VIP_067,2/6,-95,-10,4.72,0.22,1.64,19.4,668836,3.06,1.84,11.83,986920,31479,42190,4213,2590
VIP_068,2/6,-92,-16,4.05,4.58,0.84,15.9,828172,5.11,3.05,6.35,670932,3129,31325,1679,1312
VIP_069,2/6,-65,-8,0.29,0.2,2.38,5.9,653494,2.36,3.75,9.54,387795,33204,32651,4482,1406
VIP_070,2/6,-66,-6,4.34,4.1,8.43,19.2,955660,1.85,4.31,1.79,146028,11037,35055,757,2057
VIP_071,2/6,-77,-16,1.16,4.22,10.32,11.5,411897,2.57,2.79,1.87,101283,38923,40450,2671,2425
VIP_072,2/6,-87,-13,2.08,2.92,0.36,18.6,613182,4.41,0.42,4.58,583842,2397,2656,1059,1351
VIP_073,2/6,-101,-6,5.35,5.14,0.25,9.9,932429,0.73,0.61,8.14,962354,11443,25789,423,429
VIP_074,2/6,-80,-16,4.85,4.75,6.74,14.2,746961,3.35,1.04,9.45,250517,40910,12579,216,1812
VIP_075,2/6,-77,-13,0.53,0.9,6.61,17.1,404042,0.69,0.22,9.68,119090,12687,7661,4625,163
VIP_076,2/6,-117,-16,2.7,1.92,11.77,14.2,464771,0.23,0.43,8.38,530875,19839,32818,4150,1279
VIP_077,2/6,-79,-15,3.82,5.41,8.33,11.5,451618,3.59,1.73,5.79,201409,31618,45756,3487,1889
VIP_078,2/6,-89,-11,4.63,5.36,11.83,12.6,763650,0.7,3.52,10.69,878393,23837,1535,2717,1333
VIP_079,2/6,-118,-11,2.55,5.48,7.31,15.2,657903,2.48,4.64,2.44,284060,7567,7052,2962,2375
VIP_080,2/6,-69,-10,5.31,0.2,9.43,10,957006,0.08,1.65,3.25,641896,4325,27728,4854,661
VIP_081,2/6,-86,-11,5.47,4.42,2.43,9.9,230326,0.35,4.57,3.53,267882,48756,41423,3796,1127
VIP_082,2/6,-71,-13,5.23,0.16,2.48,9.2,104267,2.68,0.05,2.51,127791,46334,22456,224,2353
VIP_083,2/6,-103,-6,1.62,2.84,2.71,14.9,344907,5.48,3.98,11.02,589088,41750,11518,954,9
VIP_084,2/6,-73,-14,2.3,4.25,5.38,11.9,475878,1.7,3.12,1.85,687646,22203,32823,2079,1796
VIP_085,2/6,-83,-13,3.1,4.83,11.25,5.7,341049,4.02,4.91,7.55,742328,27101,46828,1851,1454
VIP_086,2/6,-107,-13,4.82,4.03,3.26,12.9,275446,4.33,4.14,7.66,783218,3145,37796,1080,2961
VIP_087,2/6,-67,-16,0.94,0.32,11.47,9.9,472175,2.61,2.64,1.51,755001,19807,38924,4284,1738
VIP_088,2/6,-115,-14,0.49,1.79,1.29,16.9,180322,4.2,1.34,10.29,986503,41242,24725,3299,2136
VIP_089,2/6,-111,-14,0.33,5.22,4.64,4.4,748236,0.68,2.1,9.55,316453,44496,44316,1122,1087
VIP_090,2/6,-92,-7,1.4,2.12,4.71,14.6,577556,2.74,4.85,10.79,338802,18074,1445,4253,1971
VIP_091,2/6,-92,-12,3.79,3.02,10.77,9.9,632628,4.17,3.87,10.74,119691,23439,49531,3515,1767
VIP_092,2/6,-107,-8,4.27,1.9,2.94,10.4,666140,2.83,2.76,3.54,540171,25273,24752,2980,907
VIP_093,2/6,-107,-13,3.25,2.63,11.44,17.6,825128,1.22,3.97,10.6,591034,15575,23148,2106,2484
VIP_094,2/6,-62,-10,1.16,4.93,0.73,15,270325,1.11,3.22,0.67,177879,11528,36666,4772,2242
VIP_095,2/6,-75,-11,1.95,3.47,3.3,12.2,670968,4.39,1.21,4.19,962584,5040,29807,794,471
VIP_096,2/6,-119,-10,3.49,1,3.81,12,739445,4.84,3.95,9.5,993327,29138,25065,4501,2166
VIP_097,2/6,-71,-9,5.24,5.38,10.07,18.2,484563,5.08,3.87,9.23,157021,11226,32397,440,1574
VIP_098,2/6,-69,-11,2.75,4.14,0.29,20,776690,4.06,4.85,9.64,945732,10254,1719,3436,1703
VIP_099,2/6,-68,-6,2.8,2.81,0.78,19.2,358282,2.8,4.51,9.88,889668,3945,38334,4651,976
VIP_100,2/6,-76,-10,0.79,4.86,1.14,11.1,271654,1.4,0.42,0.72,853921,11395,10419,4118,1719
VIP_101,2/6,-96,-12,4.69,3.22,6.75,12,129008,1.94,3.71,2.02,354537,25162,6698,2184,1389
VIP_102,2/6,-79,-12,3.05,4.07,2.97,19.3,414839,1.29,4.62,8.82,583147,24469,25197,679,2708
VIP_103,2/6,-107,-9,1.87,2,9.27,1.1,298645,2.91,2.77,0.45,227205,26996,19329,4489,1903
VIP_104,2/6,-89,-6,5.4,0.21,0.59,7.7,202786,4.06,1.94,8.11,543476,11866,30194,2716,1675
VIP_105,2/6,-104,-6,3.77,4.38,4.99,5.6,121466,3.98,3.14,4.87,872911,32027,19261,3295,74
VIP_106,2/6,-79,-16,0.4,0.91,1.69,16.1,390252,1.67,4.09,8.48,430390,27873,17239,1543,2780
VIP_107,2/6,-88,-16,0.51,3.17,3.89,4.7,170346,1.98,1.1,3.82,548761,7731,23118,4825,760
VIP_108,2/6,-80,-16,3.51,1.81,6.24,15.7,768080,0.33,2.83,8.51,119420,33565,37638,2028,1730
VIP_109,2/6,-96,-7,3.29,2.62,3.85,17.9,786884,0.92,5.18,7.57,450772,3591,25840,3882,2995
VIP_110,2/6,-74,-13,1.42,1.24,10.26,6.6,333041,4.16,4.07,9.87,436997,3831,44769,768,222
VIP_111,2/6,-93,-11,3.29,3.4,4.88,3.5,552135,4.49,0.71,11.35,660059,23420,48136,2869,2600
VIP_112,2/6,-86,-11,4.75,0.76,3.74,5.9,947105,1.22,3.39,0.53,891015,32157,46066,4935,362
,,,,,,,,,,,,,,,,
,,,,,,,,,,,,,,,,
VIP_001,2/7,-73,-12,4.66,0.32,2.51,3.1,965444,1.17,2.9,2.3,155326,2388,4466,259,2192
VIP_002,2/7,-79,-9,4.57,3.12,1.21,4.8,692001,4.44,1.76,0.57,694926,6692,2785,2653,1982
VIP_003,2/7,-100,-7,0.65,0.38,7.86,8.5,771841,2.49,1.58,3.32,134690,19557,7811,4592,1
VIP_004,2/7,-62,-15,3.56,2.59,6.82,2.2,574284,5.21,4.97,5.83,336098,6791,39291,952,871
VIP_005,2/7,-100,-14,3.1,3.92,2.39,7.2,363500,2.65,0.84,8.66,833348,22597,15449,4749,2281
VIP_006,2/7,-67,-12,1.59,3.41,6.7,3,796606,2.34,0.09,5.25,237572,2924,33158,1127,2747
VIP_007,2/7,-62,-12,3.09,3.67,3.01,5,310480,5.04,0.48,0.69,625928,33787,24242,4551,2355
VIP_008,2/7,-83,-12,3.64,0.12,2.48,11.2,764630,0.72,4.56,6.04,768918,47911,25384,1785,450
VIP_009,2/7,-93,-11,2.61,0.23,0.5,9.5,615190,0.6,3.06,8.09,831148,34569,38279,2238,1208
VIP_010,2/7,-98,-12,2.56,3.66,4.29,18.6,821431,4.87,1.96,3.23,589591,26770,42614,1306,194
VIP_011,2/7,-92,-14,3.82,2.75,11.59,2,165069,1.75,0.73,11.34,842307,40331,11483,4074,1140
VIP_012,2/7,-76,-7,1.49,2.52,9.76,5.4,178264,1.53,2.98,2.35,421516,4792,3059,917,342
VIP_013,2/7,-72,-10,1.11,2.86,7.58,14,354791,1.64,2.86,10.68,590028,33829,31995,3764,2627
VIP_014,2/7,-89,-11,0.55,0.67,11.43,0.6,598523,5.16,2.88,11.87,977539,38153,13350,4170,514
VIP_015,2/7,-77,-12,3.66,5.23,1.71,11.4,684293,0.93,2.88,2.6,754694,34145,37190,1090,2351
VIP_016,2/7,-103,-12,3.38,0.44,3.93,19.3,445508,4.5,4.93,8.56,862709,44821,41609,2300,2451
VIP_017,2/7,-100,-10,1.42,4.05,4.73,14.5,138521,3.93,1.29,2.73,314129,15882,23489,1767,1837
VIP_018,2/7,-119,-12,1.59,0.45,1.65,17.1,769617,4.02,2.3,10.4,270704,39294,34885,2162,664
VIP_019,2/7,-83,-14,5.5,0.23,2.17,4.1,586280,5.1,4.39,0.52,817919,27668,33740,410,1593
VIP_020,2/7,-109,-12,2.29,5.06,1.12,12.4,873825,1.01,3.51,4.65,660924,49923,10297,2382,2417
VIP_021,2/7,-118,-16,0.37,3.23,5.01,19.3,815228,5.26,0.43,10.49,136660,42680,13636,618,509
VIP_022,2/7,-91,-8,4.41,1.43,10.91,11.7,839496,0.21,5.1,1.27,560769,28934,46241,1045,1227
VIP_023,2/7,-109,-13,3.06,2.57,10.12,7.1,835469,5.41,1.65,3.22,407906,11232,34292,173,886
VIP_024,2/7,-114,-11,2.53,1.26,2.15,4.1,324672,1.32,5.16,3.99,158575,22091,20743,806,1219
VIP_025,2/7,-96,-11,0.91,2.59,2.43,4.8,433675,1.29,0.18,8.7,523635,15326,44666,4622,2166
VIP_026,2/7,-116,-16,2.87,5.08,7.76,10.4,848306,3.31,1.06,5.17,938035,49659,15316,955,1357
VIP_027,2/7,-61,-6,4.13,2.34,11.45,7.6,649640,5.04,3.72,6.16,246650,16192,8608,3851,1162
VIP_028,2/7,-81,-8,5.36,4.77,6.81,18.3,256309,0.97,0.95,0.41,162711,36475,24058,1154,2134
VIP_029,2/7,-120,-7,4.88,4.83,8.17,14.7,983051,1.95,3.37,4.26,672354,47440,24676,2750,2339
VIP_030,2/7,-78,-16,3.7,5.2,8.64,8.5,966786,1.09,3.78,0.64,516945,17542,11373,2926,413
VIP_031,2/7,-100,-8,1.07,0.74,2.72,11.2,368672,2.26,4.42,11.09,583669,23826,22423,4188,398
VIP_032,2/7,-68,-8,3.79,4.34,7.4,17.3,134194,2.67,2.33,9.91,264216,7877,35754,3555,196
VIP_033,2/7,-71,-9,0.35,0.58,3.31,14.9,971940,1.65,0.44,10.46,546518,4389,5669,2888,1529
VIP_034,2/7,-118,-16,1.6,2.82,9.45,11.7,171386,4.34,3.88,7.17,462098,28489,14077,1703,374
VIP_035,2/7,-93,-9,1.68,5.39,3.41,1.9,732333,5.28,1.93,1.78,823624,48768,26286,1671,1592
VIP_036,2/7,-94,-7,1.88,4.68,5.78,9.9,873643,2.19,4.72,1.29,108160,31067,31472,3827,840
VIP_037,2/7,-111,-15,1.53,0.86,3.09,12.4,440976,1.3,5.01,7.6,952621,15262,8274,1074,251
VIP_038,2/7,-67,-7,0.65,2.47,2.72,4.5,479642,2.13,3.44,1.25,113036,32593,7455,4589,94
VIP_039,2/7,-100,-10,0.54,0.64,1.61,15.4,525286,1.88,4.23,11.53,274453,23677,31971,2456,2906
VIP_040,2/7,-60,-16,2.59,0.78,6.4,19.4,233097,0.47,2.59,7.39,677061,41038,41441,4645,670
VIP_041,2/7,-90,-7,1.51,0.22,8.81,18.9,933364,4.82,2.36,8.86,835942,46026,28194,3587,2686
VIP_042,2/7,-109,-15,3.23,2.9,8.17,15.1,965448,1.84,4.91,3.43,902846,15495,13175,3371,1476
VIP_043,2/7,-63,-8,0.64,4.46,3.83,12.1,507394,1.2,4.49,9.76,469242,6328,32688,1298,1737
VIP_044,2/7,-68,-13,4.43,2.57,8.97,11.3,225700,1.16,1.53,11.48,545282,19018,46822,439,2526
VIP_045,2/7,-63,-16,4.3,0.94,3.85,18.2,199826,0.67,0.68,3.02,956446,36759,34645,3201,398
VIP_046,2/7,-78,-12,3.51,0.16,6.53,0.7,557205,5.01,2.66,3.09,729197,24183,46588,2664,1862
VIP_047,2/7,-86,-13,5.12,1.49,5.8,8.9,185607,2.58,2.82,4.17,244072,3158,17554,594,1073
VIP_048,2/7,-95,-7,3.25,4.36,0.85,13.5,881980,4.83,5.16,10.85,900656,38382,7684,4129,2061
VIP_049,2/7,-91,-16,4.56,4.36,0.23,18.7,643518,3.89,2.75,8.7,602399,8540,33380,1892,2064
VIP_050,2/7,-87,-8,3.43,1.17,0.18,7.9,882269,4.33,2.38,0.53,698523,40358,29899,1445,1227
VIP_051,2/7,-103,-11,4.49,0.67,2.42,18.8,603448,4.3,1.76,1.29,724432,30113,33834,797,2668
VIP_052,2/7,-120,-11,2.02,0.59,6.93,16.4,807810,3.6,0.06,10.67,964795,36230,30366,4205,2158
VIP_053,2/7,-64,-7,2.28,4.08,6.78,5.4,244047,2.56,3.81,9.44,540002,43172,28782,1738,2674
VIP_054,2/7,-116,-13,0.48,0.35,3.41,18.2,362057,0.65,0.53,0.83,169556,32911,39375,644,2788
VIP_055,2/7,-63,-9,1.17,0.26,10.27,17.6,949440,1.49,2.15,4.15,702455,11796,33034,3773,1867
VIP_056,2/7,-82,-15,3.6,4.74,1.46,15.2,641452,3.11,1.81,2.74,510260,3704,3928,1741,2706
VIP_057,2/7,-85,-16,0.77,2.27,0.91,2.9,182369,1.32,4.9,0.94,421784,6416,16521,1470,2729
VIP_058,2/7,-97,-7,2.14,3.16,10.63,16,582521,5.08,2.3,3.29,232566,25542,43009,1175,2262
VIP_059,2/7,-72,-13,5,5.27,6.49,0.9,519674,4.78,3.96,1.06,653536,21671,31791,3422,420
VIP_060,2/7,-66,-10,5.26,1.54,0.21,6.9,329054,3.73,2.59,3.38,998357,38284,25277,1945,2745
VIP_061,2/7,-77,-14,0.57,2.34,11.76,12.3,543655,1.84,4.64,7.13,359683,46019,40677,1860,2011
VIP_062,2/7,-105,-10,4.79,0.21,0.98,6.4,828640,2.19,0.78,3.39,911366,14438,14018,2671,2455
VIP_063,2/7,-107,-15,0.88,4.96,7.01,18.2,819157,1.85,0.06,11.37,142355,47279,4098,1845,100
VIP_064,2/7,-112,-10,4.69,5.18,7.83,17.6,464773,5.49,0.24,0.48,186616,28828,18500,532,2420
VIP_065,2/7,-102,-16,0.93,2.02,2.37,9.5,863956,3.3,0.52,10.6,823994,19442,31959,1930,2267
VIP_066,2/7,-116,-13,0.91,2.69,3.19,0.8,471578,4.55,1.42,7.78,254401,48051,45043,3587,2051
VIP_067,2/7,-63,-16,1.31,1.2,10.16,12.6,801283,0.13,5.5,8.99,528005,24447,26661,3459,1486
VIP_068,2/7,-106,-8,4.16,3.59,7.24,14.5,262440,3.34,3.1,11.93,529516,3173,44127,2659,174
VIP_069,2/7,-82,-6,0.11,3.07,0.67,15.4,627633,0.52,4.52,10.91,415312,31224,11939,1715,2181
VIP_070,2/7,-100,-9,1.71,2.06,1.95,10.3,209074,1.52,1.81,6.44,328980,13386,10995,4124,1724
VIP_071,2/7,-61,-15,4.79,3.92,1.31,6.8,280567,2.21,3.25,6.21,700184,46502,11162,3949,404
VIP_072,2/7,-68,-16,5.36,4.45,7.93,18,541620,4.82,3.01,9.26,504058,40508,4250,169,1127
VIP_073,2/7,-61,-11,3.87,3.85,2.71,18.6,616486,3.47,2.46,10.86,637940,37330,46611,954,521
VIP_074,2/7,-108,-12,4.02,0.96,3.9,14.5,945898,2.08,5.5,11.68,737145,17371,26217,3247,2281
VIP_075,2/7,-86,-7,1.04,3.09,3.28,8.7,541760,2.91,3.33,2.82,563337,6766,13624,3720,1743
VIP_076,2/7,-76,-14,2.13,1.34,11.97,17.4,643873,4.17,2.48,0.52,126633,10715,18519,725,1063
VIP_077,2/7,-83,-7,4.39,0.52,7.12,14.4,754421,1.75,0.79,0.34,367571,24073,8163,4977,2677
VIP_078,2/7,-62,-8,1.9,1.52,0.29,16.5,197704,5.25,5.47,11.62,949410,35642,35573,3440,1775
VIP_079,2/7,-92,-10,3.04,2.09,8.03,14.9,693665,2.78,3.99,11.7,329431,26221,43609,1032,636
VIP_080,2/7,-82,-7,4.73,0.76,11.83,4.3,345300,1.78,0.81,6.19,836425,31555,3397,2135,1403
VIP_081,2/7,-94,-8,2.71,1.07,11.32,8.5,933948,2.73,3.79,3.25,975148,7537,5163,1874,2736
VIP_082,2/7,-108,-15,4.26,2.32,6.72,9.9,478592,4.16,0.7,10.02,746612,48210,20849,3382,592
VIP_083,2/7,-96,-13,2.97,4.61,2.5,17.6,123104,0.53,1.93,5.21,238591,7842,26229,1010,2919
VIP_084,2/7,-112,-11,0.5,2.6,2.76,4.5,493996,5.08,2.56,10.04,179135,19729,39124,3100,1081
VIP_085,2/7,-88,-7,3.18,1.76,10.29,12.7,438252,5.27,3.55,3.56,132922,31761,47308,3007,1383
VIP_086,2/7,-71,-11,0.4,5.48,7.25,19.7,596313,3.57,4.01,0.91,437253,24803,40337,3164,2881
VIP_087,2/7,-99,-11,3.3,2.6,10.66,5.2,679868,1.87,5.11,9.03,156492,39440,34735,188,536
VIP_088,2/7,-77,-12,3.97,3.52,10.3,10.1,865367,3.76,0.08,7.6,789957,24801,45050,3589,2246
VIP_089,2/7,-104,-12,4.99,1.9,9.31,10.7,332891,3.13,4.64,9.41,462564,29454,35010,2096,1195
VIP_090,2/7,-110,-6,0.98,3.87,11.84,7.1,325721,3.14,5.36,6.79,819431,45649,20652,3384,283
VIP_091,2/7,-116,-6,0.29,0.36,10.87,1.8,765923,2.89,1.41,9.72,411092,26373,1302,4868,382
VIP_092,2/7,-81,-11,2.09,4.16,11.7,8.4,446910,1,4.45,10.87,963939,38996,49370,4196,1598
VIP_093,2/7,-102,-8,5.01,0.31,5.36,8.5,495281,2,0.35,10.12,910734,34175,26696,3024,1392
VIP_094,2/7,-75,-14,0.08,3.87,9.03,15,772984,4.87,1.82,9.89,881947,10267,49266,109,1298
VIP_095,2/7,-99,-15,2.93,0.55,11.36,17.3,900296,5.21,5.01,11.31,189363,29147,7395,4574,76
VIP_096,2/7,-60,-14,0.4,2.65,8.11,1,127216,0.77,4.56,0.76,645187,30735,34045,4056,831
VIP_097,2/7,-93,-6,2.5,1.72,3.78,10.1,438211,2.22,4.05,11.5,520515,46546,35234,4867,2137
VIP_098,2/7,-63,-11,3.41,3.23,11.25,1.9,434812,4.63,1.7,5.77,125903,38300,49512,3532,1845
VIP_099,2/7,-114,-12,1.67,1.09,6.42,6,978275,2,5.21,7.86,380509,31757,20411,4543,105
VIP_100,2/7,-62,-9,0.89,4.82,7.47,4.7,930770,4.04,3.87,10.92,706273,4631,15687,693,1577
VIP_101,2/7,-115,-6,1.62,3.26,4.7,8.9,760258,3.8,4.5,8.38,267656,13615,45940,387,1348
VIP_102,2/7,-118,-8,3.55,1,11.59,5.7,596197,3.52,0.88,8.61,630669,36846,24651,2073,2040
VIP_103,2/7,-110,-11,3.8,5.09,11.27,6.8,964850,3.58,0.44,2.03,199053,47025,32536,1775,2592
VIP_104,2/7,-72,-14,4.84,4.02,2.27,15.6,255327,0.07,0.49,4.17,163482,28266,44541,4980,1428
VIP_105,2/7,-85,-10,3.92,0.82,8.5,11.4,785531,0.86,4.6,6.88,535624,6316,12209,1412,1078
VIP_106,2/7,-91,-12,4.8,2.33,8.43,18.2,629952,3.81,0.12,8.97,896360,31225,32183,3071,921
VIP_107,2/7,-63,-8,3.47,4.9,11.93,13.3,888698,2.14,0.47,10.59,669512,46201,5644,1662,820
VIP_108,2/7,-75,-9,0.97,0.28,3.49,5.5,375592,2.61,4.05,6.73,478230,38885,42965,4451,1500
VIP_109,2/7,-85,-15,1.29,4.42,4.78,8.4,951275,3.99,0.79,0.22,299356,7419,45077,4888,2803
VIP_110,2/7,-89,-12,4.41,0.97,0.1,4.1,194623,1.77,1.87,10.12,832556,28740,28848,1644,1195
VIP_111,2/7,-106,-7,4.26,3.33,7.53,13,383937,1.73,3.59,11.55,113647,32202,41158,991,1476
VIP_112,2/7,-63,-9,1.48,3.33,4.82,11.8,817104,1.58,2.47,3.54,603140,23057,16358,3278,2993
